Column1,Column2,Column3,Column4,Column5,Column6,Column7,Column8,Column9,Column10,Column11,Column12,Column13,Column14,Column15,Column16,Column17,Column18,Column19,Column20,Column21,Column22,Column23,Column24,Column25,Column26
,,,,,,,Playing Time,Playing Time,Playing Time,Playing Time,Performance,Performance,Performance,Performance,Performance,Performance,Performance,Performance,Per 90 Minutes,Per 90 Minutes,Per 90 Minutes,Per 90 Minutes,Per 90 Minutes,,-additional
Rk,Player,Nation,Pos,Squad,Age,Born,MP,Starts,Min,90s,Gls,Ast,G+A,G-PK,PK,PKatt,CrdY,CrdR,Gls,Ast,G+A,G-PK,G+A-PK,Matches,-9999
1,Yunis Abdelhamid,ma MAR,DF,Dijon,28,1987,18,15,1314,14.6,0,0,0,0,0,0,3,0,0.00,0.00,0.00,0.00,0.00,Matches,32c2d95f
2,Mehdi Abeid,dz ALG,MF,Dijon,23,1992,28,27,2374,26.4,3,2,5,3,0,0,8,0,0.11,0.08,0.19,0.11,0.19,Matches,a4c3f7af
3,Geoffrey Acheampong,gh GHA,MF,Bastia,19,1997,2,0,12,0.1,0,0,0,0,0,0,0,0,0.00,0.00,0.00,0.00,0.00,Matches,57934e69
4,Jordan Adéoti,bj BEN,DF,Caen,27,1989,27,23,2120,23.6,0,1,1,0,0,0,3,0,0.00,0.04,0.04,0.00,0.04,Matches,508c8f3e
5,Youssef Aït Bennasser,ma MAR,MF,Nancy,20,1996,26,23,1930,21.4,3,1,4,3,0,0,3,0,0.14,0.05,0.19,0.14,0.19,Matches,c46fa34c
6,Jean-Daniel Akpa-Akpro,ci CIV,DFMF,Toulouse,23,1992,2,0,73,0.8,0,0,0,0,0,0,1,0,0.00,0.00,0.00,0.00,0.00,Matches,fdf4b948
7,Alexis Alegue,fr FRA,FW,Nantes,19,1996,2,0,18,0.2,0,0,0,0,0,0,0,0,0.00,0.00,0.00,0.00,0.00,Matches,0f4c0bad
8,Romain Alessandrini,fr FRA,FWMF,Marseille,27,1989,6,3,241,2.7,0,0,0,0,0,0,1,0,0.00,0.00,0.00,0.00,0.00,Matches,7a7610d2
9,Jérémie Aliadière,fr FRA,FW,Lorient,33,1983,13,6,487,5.4,1,2,3,1,0,0,0,0,0.18,0.37,0.55,0.18,0.55,Matches,68ef3d96
10,Júnior Alonso,py PAR,DF,Lille,23,1993,12,10,959,10.7,0,1,1,0,0,0,1,0,0.00,0.09,0.09,0.00,0.09,Matches,b18a3023
11,Ibrahim Amadou,fr FRA,MF,Lille,23,1993,35,34,2952,32.8,1,0,1,1,0,0,4,0,0.03,0.00,0.03,0.03,0.03,Matches,9260926b
12,Morgan Amalfitano,fr FRA,MF,Rennes,31,1985,6,6,401,4.5,1,0,1,1,0,0,0,0,0.22,0.00,0.22,0.22,0.22,Matches,ab914649
13,Morgan Amalfitano,fr FRA,MFFW,Lille,31,1985,17,8,733,8.1,0,0,0,0,0,0,0,0,0.00,0.00,0.00,0.00,0.00,Matches,ab914649
14,Romain Amalfitano,fr FRA,MF,Dijon,26,1989,26,15,1418,15.8,0,0,0,0,0,0,2,0,0.00,0.00,0.00,0.00,0.00,Matches,d7bf3d19
15,Kelvin Amian,fr FRA,DF,Toulouse,18,1998,22,20,1776,19.7,0,0,0,0,0,0,1,0,0.00,0.00,0.00,0.00,0.00,Matches,bcc81786
16,Benjamin André,fr FRA,MF,Rennes,25,1990,36,36,3215,35.7,0,3,3,0,0,0,6,0,0.00,0.08,0.08,0.00,0.08,Matches,ef9c1c95
17,Yoann Andreu,fr FRA,DF,Angers,27,1989,16,16,1367,15.2,0,0,0,0,0,0,3,0,0.00,0.00,0.00,0.00,0.00,Matches,872cd68c
18,Benjamin Angoua,ci CIV,DF,Guingamp,29,1986,7,6,538,6.0,0,0,0,0,0,0,0,0,0.00,0.00,0.00,0.00,0.00,Matches,de715534
19,Houssem Aouar,fr FRA,FW,Lyon,18,1998,3,1,127,1.4,0,0,0,0,0,0,0,0,0.00,0.00,0.00,0.00,0.00,Matches,a5db0bec
20,Mauro Arambarri,uy URU,MF,Bordeaux,20,1995,4,0,40,0.4,0,0,0,0,0,0,0,0,0.00,0.00,0.00,0.00,0.00,Matches,58afe001
21,Alphonse Areola,fr FRA,GK,Paris S-G,23,1993,15,14,1297,14.4,0,0,0,0,0,0,0,0,0.00,0.00,0.00,0.00,0.00,Matches,2f965a72
22,Fernando Aristeguieta,ve VEN,FW,Nantes,24,1992,5,0,52,0.6,0,0,0,0,0,0,0,0,0.00,0.00,0.00,0.00,0.00,Matches,0c403511
23,Sylvain Armand,fr FRA,DF,Rennes,35,1980,1,0,66,0.7,0,0,0,0,0,0,0,0,0.00,0.00,0.00,0.00,0.00,Matches,cfa036c3
24,Benoît Assou-Ekotto,cm CMR,DF,Metz,32,1984,18,16,1479,16.4,0,1,1,0,0,0,1,3,0.00,0.06,0.06,0.00,0.06,Matches,a557e6b0
25,Jean-Kévin Augustin,fr FRA,FW,Paris S-G,19,1997,10,1,196,2.2,1,2,3,1,0,0,0,0,0.46,0.92,1.38,0.46,1.38,Matches,97bfa797
26,Serge Aurier,ci CIV,DF,Paris S-G,23,1992,22,21,1829,20.3,0,3,3,0,0,0,4,2,0.00,0.15,0.15,0.00,0.15,Matches,5c2b4f07
27,Ludovic Baal,gf GUF,DFMF,Rennes,30,1986,33,33,2880,32.0,0,4,4,0,0,0,3,1,0.00,0.12,0.12,0.00,0.12,Matches,d3ce9f1f
28,Loic Badiashile,fr FRA,GK,Monaco,18,1998,1,0,45,0.5,0,0,0,0,0,0,0,0,0.00,0.00,0.00,0.00,0.00,Matches,34e38ddf
29,Tobias Badila,cg CGO,DF,Nancy,23,1993,26,24,2252,25.0,1,0,1,1,0,0,7,0,0.04,0.00,0.04,0.04,0.04,Matches,c0dddddd
30,Dylan Bahamboula,cg CGO,FW,Dijon,21,1995,11,4,526,5.8,1,0,1,1,0,0,1,0,0.17,0.00,0.17,0.17,0.17,Matches,7844c810
31,Farès Bahlouli,fr FRA,MF,Lille,21,1995,3,1,98,1.1,0,0,0,0,0,0,0,0,0.00,0.00,0.00,0.00,0.00,Matches,776972d5
32,Tiemoué Bakayoko,fr FRA,MF,Monaco,21,1994,32,25,2223,24.7,2,1,3,2,0,0,2,1,0.08,0.04,0.12,0.08,0.12,Matches,59bf127b
33,Iván Balliu,al ALB,DF,Metz,24,1992,27,26,2331,25.9,0,4,4,0,0,0,4,0,0.00,0.15,0.15,0.00,0.15,Matches,cee88597
34,Florent Balmont,fr FRA,MF,Dijon,36,1980,23,20,1714,19.0,0,2,2,0,0,0,7,0,0.00,0.11,0.11,0.00,0.11,Matches,4e7bfc23
35,Mario Balotelli,it ITA,FW,Nice,25,1990,23,20,1741,19.3,15,1,16,12,3,4,6,4,0.78,0.05,0.83,0.62,0.67,Matches,8ff07990
36,Abdoulaye Bamba,ci CIV,DF,Angers,26,1990,8,7,593,6.6,0,1,1,0,0,0,2,0,0.00,0.15,0.15,0.00,0.15,Matches,7fecbcdb
37,Jonathan Bamba,fr FRA,FW,Angers,20,1996,16,9,833,9.3,3,2,5,3,0,0,0,0,0.32,0.22,0.54,0.32,0.54,Matches,b2bd0f6c
38,Yacine Bammou,ma MAR,FWMF,Nantes,24,1991,32,18,1778,19.8,4,3,7,4,0,0,7,0,0.20,0.15,0.35,0.20,0.35,Matches,a1d04509
39,Maxime Barthelmé,fr FRA,FWMF,Lorient,27,1988,9,3,327,3.6,0,1,1,0,0,0,1,0,0.00,0.28,0.28,0.00,0.28,Matches,9b8b52d3
40,Marko Baša,me MNE,DF,Lille,33,1982,23,23,1949,21.7,1,0,1,1,0,0,0,0,0.05,0.00,0.05,0.05,0.05,Matches,f170b78c
41,Nicolas Basin,fr FRA,DF,Metz,18,1998,1,0,26,0.3,0,0,0,0,0,0,0,0,0.00,0.00,0.00,0.00,0.00,Matches,67d251a2
42,Amine Bassi,fr FRA,MF,Nancy,18,1997,1,1,90,1.0,0,0,0,0,0,0,0,0,0.00,0.00,0.00,0.00,0.00,Matches,ced1d98f
43,Éric Bauthéac,fr FRA,MFFW,Lille,28,1987,13,9,725,8.1,0,0,0,0,0,0,4,0,0.00,0.00,0.00,0.00,0.00,Matches,af859ca4
44,Paul Baysse,fr FRA,DF,Nice,28,1988,22,20,1858,20.6,2,1,3,2,0,0,1,0,0.10,0.05,0.15,0.10,0.15,Matches,2515040a
45,Hervé Bazile,ht HAI,MFFW,Caen,26,1990,19,7,732,8.1,2,2,4,2,0,0,1,0,0.25,0.25,0.49,0.25,0.49,Matches,7abfcbff
46,Henri Bedimo,cm CMR,DF,Marseille,32,1984,16,13,1173,13.0,0,0,0,0,0,0,2,0,0.00,0.00,0.00,0.00,0.00,Matches,0d57f1c1
47,Jérémie Bela,ao ANG,MFFW,Dijon,23,1993,14,2,375,4.2,0,1,1,0,0,0,0,0,0.00,0.24,0.24,0.00,0.24,Matches,5680bf3f
48,Younès Belhanda,ma MAR,FWMF,Nice,26,1990,31,28,2541,28.2,3,5,8,3,0,0,8,1,0.11,0.18,0.28,0.11,0.28,Matches,e204ec12
49,François Bellugou,fr FRA,MFDF,Lorient,29,1987,26,16,1422,15.8,0,0,0,0,0,0,5,1,0.00,0.00,0.00,0.00,0.00,Matches,2174bc8d
50,Anthony Belmonte,fr FRA,MF,Dijon,20,1995,8,4,261,2.9,0,0,0,0,0,0,0,0,0.00,0.00,0.00,0.00,0.00,Matches,1d5013e2
51,Hatem Ben Arfa,fr FRA,MFFW,Paris S-G,29,1987,23,5,643,7.1,0,1,1,0,0,0,1,0,0.00,0.14,0.14,0.00,0.14,Matches,74dc806c
52,Issam Ben Khémis,tn TUN,MF,Lorient,20,1996,2,0,27,0.3,0,0,0,0,0,0,0,0,0.00,0.00,0.00,0.00,0.00,Matches,fe44c055
53,Syam Ben Youssef,tn TUN,DF,Caen,27,1989,17,14,1293,14.4,0,0,0,0,0,0,6,0,0.00,0.00,0.00,0.00,0.00,Matches,2293f5df
54,Nicolas Benezet,fr FRA,FW,Guingamp,25,1991,5,3,169,1.9,1,1,2,1,0,0,0,0,0.53,0.53,1.07,0.53,1.07,Matches,30395d3b
55,Pierre Bengtsson,se SWE,DFMF,Bastia,28,1988,30,29,2626,29.2,1,1,2,1,0,0,0,0,0.03,0.03,0.07,0.03,0.07,Matches,d1992a3b
56,Walter Benítez,ar ARG,GK,Nice,23,1993,3,2,215,2.4,0,0,0,0,0,0,0,0,0.00,0.00,0.00,0.00,0.00,Matches,8a2248b4
57,Ramy Bensebaini,dz ALG,DF,Rennes,21,1995,25,22,1838,20.4,0,0,0,0,0,0,4,2,0.00,0.00,0.00,0.00,0.00,Matches,378825c7
58,Yassine Benzia,dz ALG,MF,Lille,21,1994,25,21,1627,18.1,3,3,6,2,1,1,3,0,0.17,0.17,0.33,0.11,0.28,Matches,6fbde63a
59,Franck Béria,fr FRA,DF,Lille,33,1983,28,27,2326,25.8,1,0,1,1,0,0,7,2,0.04,0.00,0.04,0.04,0.04,Matches,c4d64855
60,Robert Beri?,si SVN,FW,Saint-Étienne,25,1991,22,18,1444,16.0,6,0,6,6,0,1,0,0,0.37,0.00,0.37,0.37,0.37,Matches,9001138b
61,Kévin Bérigaud,fr FRA,MFFW,Montpellier,28,1988,13,6,625,6.9,0,1,1,0,0,0,0,0,0.00,0.14,0.14,0.00,0.14,Matches,3250c6cd
62,Kévin Bérigaud,fr FRA,FW,Angers,28,1988,13,4,470,5.2,0,0,0,0,0,0,1,0,0.00,0.00,0.00,0.00,0.00,Matches,3250c6cd
63,Quentin Bernard,fr FRA,DF,Dijon,27,1989,7,6,554,6.2,0,0,0,0,0,0,1,0,0.00,0.00,0.00,0.00,0.00,Matches,3916b09c
64,Vincent Bessat,fr FRA,DFMF,Caen,30,1985,37,31,2815,31.3,0,5,5,0,0,0,3,0,0.00,0.16,0.16,0.00,0.16,Matches,5e6342d4
65,Thievy Bifouma,cg CGO,FWMF,Bastia,24,1992,14,9,707,7.9,2,1,3,2,0,0,3,0,0.25,0.13,0.38,0.25,0.38,Matches,5978dc3c
66,Milan Biševac,rs SRB,DF,Metz,32,1983,21,21,1834,20.4,0,0,0,0,0,0,4,1,0.00,0.00,0.00,0.00,0.00,Matches,a51728e3
67,Yves Bissouma,ml MLI,MFFW,Lille,19,1996,23,5,766,8.5,1,0,1,1,0,0,4,1,0.12,0.00,0.12,0.12,0.12,Matches,6c203af0
68,Ludovic Blas,fr FRA,MF,Guingamp,18,1997,24,10,1160,12.9,1,1,2,1,0,0,5,0,0.08,0.08,0.16,0.08,0.16,Matches,6191093d
69,Alexis Blin,fr FRA,MF,Toulouse,19,1996,26,26,2148,23.9,0,0,0,0,0,0,5,2,0.00,0.00,0.00,0.00,0.00,Matches,c69ef855
70,Yann Bodiger,fr FRA,MF,Toulouse,21,1995,29,23,1836,20.4,1,3,4,0,1,1,7,1,0.05,0.15,0.20,0.00,0.15,Matches,8c2c48a9
71,Mathieu Bodmer,fr FRA,MF,Nice,33,1982,12,7,587,6.5,0,0,0,0,0,0,2,0,0.00,0.00,0.00,0.00,0.00,Matches,f3642ba8
72,Mathieu Bodmer,fr FRA,MFDF,Guingamp,33,1982,10,8,671,7.5,0,0,0,0,0,0,2,0,0.00,0.00,0.00,0.00,0.00,Matches,f3642ba8
73,Olivier Boscagli,fr FRA,DF,Nice,18,1997,1,0,43,0.5,0,0,0,0,0,0,0,0,0.00,0.00,0.00,0.00,0.00,Matches,403f5d20
74,Gabriel Boschilia,br BRA,MFFW,Monaco,20,1996,11,5,437,4.9,6,2,8,6,0,0,1,0,1.24,0.41,1.65,1.24,1.65,Matches,e90af77c
75,Ryad Boudebouz,dz ALG,MFFW,Montpellier,26,1990,33,33,2921,32.5,11,9,20,8,3,3,4,0,0.34,0.28,0.62,0.25,0.52,Matches,1001ae82
76,Arnold Bouka Moutou,cg CGO,DF,Dijon,27,1988,10,8,755,8.4,0,0,0,0,0,0,3,2,0.00,0.00,0.00,0.00,0.00,Matches,f3085377
77,Farid Boulaya,dz ALG,FW,Bastia,23,1993,2,1,17,0.2,0,0,0,0,0,0,0,0,0.00,0.00,0.00,0.00,0.00,Matches,a0791826
78,Grégory Bourillon,fr FRA,DFMF,Angers,32,1984,5,4,345,3.8,1,0,1,1,0,0,1,0,0.26,0.00,0.26,0.26,0.26,Matches,0e59a941
79,Martin Braithwaite,dk DEN,FWMF,Toulouse,25,1991,34,33,2945,32.7,11,3,14,7,4,6,7,0,0.34,0.09,0.43,0.21,0.31,Matches,fd771f95
80,Jimmy Briand,fr FRA,FW,Guingamp,30,1985,34,32,2882,32.0,12,6,18,9,3,3,2,0,0.37,0.19,0.56,0.28,0.47,Matches,f83c8d6c
81,Patrick Burner,mq MTQ,MFDF,Nice,20,1996,4,3,248,2.8,0,0,0,0,0,0,0,0,0.00,0.00,0.00,0.00,0.00,Matches,8746d5d0
82,Alexis Busin,fr FRA,MFFW,Nancy,20,1995,6,2,243,2.7,1,0,1,1,0,0,0,0,0.37,0.00,0.37,0.37,0.37,Matches,247fb715
83,Erick Cabaco,uy URU,DF,Nancy,21,1995,20,18,1613,17.9,0,1,1,0,0,0,1,1,0.00,0.06,0.06,0.00,0.06,Matches,e7ab4179
84,Rémy Cabella,fr FRA,FWMF,Marseille,26,1990,29,17,1587,17.6,2,4,6,2,0,0,4,0,0.11,0.23,0.34,0.11,0.34,Matches,148e136f
85,Jimmy Cabot,fr FRA,MFFW,Lorient,22,1994,25,11,1279,14.2,5,4,9,5,0,0,1,0,0.35,0.28,0.63,0.35,0.63,Matches,46359159
86,Jerson Cabral,nl NED,FW,Bastia,25,1991,6,0,68,0.8,0,0,0,0,0,0,0,0,0.00,0.00,0.00,0.00,0.00,Matches,53d7c237
87,Mathieu Cafaro,fr FRA,FWMF,Toulouse,19,1997,4,0,67,0.7,0,0,0,0,0,0,1,0,0.00,0.00,0.00,0.00,0.00,Matches,2a657da0
88,Cafú,pt POR,MF,Lorient,23,1993,18,15,1183,13.1,0,2,2,0,0,0,3,0,0.00,0.15,0.15,0.00,0.15,Matches,85322440
89,Yannick Cahuzac,fr FRA,MF,Bastia,31,1985,29,29,2427,27.0,1,0,1,1,0,0,8,7,0.04,0.00,0.04,0.04,0.04,Matches,677ee102
90,Lorenzo Callegari,fr FRA,MF,Paris S-G,18,1998,1,0,4,0.0,0,0,0,0,0,0,0,0,0.00,0.00,0.00,0.00,0.00,Matches,f5aa537a
91,Souleymane Camara,sn SEN,MFFW,Montpellier,33,1982,28,10,1089,12.1,1,1,2,1,0,0,0,0,0.08,0.08,0.17,0.08,0.17,Matches,c58270f8
92,Pierrick Capelle,fr FRA,FWMF,Angers,29,1987,32,20,1749,19.4,2,1,3,2,0,0,4,0,0.10,0.05,0.15,0.10,0.15,Matches,79b2399c
93,Yoan Cardinale,fr FRA,GK,Nice,22,1994,36,36,3205,35.6,0,0,0,0,0,0,2,0,0.00,0.00,0.00,0.00,0.00,Matches,950ff24d
94,Irvin Cardona,fr FRA,FWMF,Monaco,18,1997,3,0,19,0.2,0,0,0,0,0,0,0,0,0.00,0.00,0.00,0.00,0.00,Matches,5e080f73
95,Diego Carlos,br BRA,DF,Nantes,23,1993,34,34,2949,32.8,2,1,3,2,0,0,8,0,0.06,0.03,0.09,0.06,0.09,Matches,b4a014b1
96,Cédric Carrasso,fr FRA,GK,Bordeaux,34,1981,24,24,2160,24.0,0,0,0,0,0,0,0,0,0.00,0.00,0.00,0.00,0.00,Matches,17f5a888
97,Guido Carrillo,ar ARG,FW,Monaco,25,1991,19,5,598,6.6,7,1,8,7,0,0,0,0,1.05,0.15,1.20,1.05,1.20,Matches,8f898ba8
98,Ivan Cavaleiro,pt POR,FW,Monaco,22,1993,2,1,98,1.1,0,0,0,0,0,0,0,0,0.00,0.00,0.00,0.00,0.00,Matches,979b811d
99,Edinson Cavani,uy URU,FW,Paris S-G,29,1987,36,35,2965,32.9,35,4,39,28,7,8,5,0,1.06,0.12,1.18,0.85,0.97,Matches,527f063d
100,Dimitri Cavaré,fr FRA,DF,Rennes,21,1995,2,1,106,1.2,0,0,0,0,0,0,0,0,0.00,0.00,0.00,0.00,0.00,Matches,a8f8fa54
101,Julien Cétout,fr FRA,MFDF,Nancy,28,1988,28,27,2332,25.9,1,2,3,1,0,0,3,0,0.04,0.08,0.12,0.04,0.12,Matches,c05557bc
102,Fouad Chafik,ma MAR,DF,Dijon,29,1986,27,27,2395,26.6,0,1,1,0,0,0,2,0,0.00,0.04,0.04,0.00,0.04,Matches,edd1466a
103,Kwon Chang-hoon,kr KOR,FW,Dijon,22,1994,8,2,224,2.5,0,0,0,0,0,0,1,0,0.00,0.00,0.00,0.00,0.00,Matches,7961f7aa
104,Clément Chantôme,fr FRA,MF,Rennes,28,1987,7,6,336,3.7,0,0,0,0,0,0,1,0,0.00,0.00,0.00,0.00,0.00,Matches,f1df248c
105,Paul Charruau,fr FRA,GK,Bastia,23,1993,1,0,42,0.5,0,0,0,0,0,0,0,0,0.00,0.00,0.00,0.00,0.00,Matches,2511c7aa
106,Sergei Chernik,by BLR,GK,Nancy,28,1988,17,15,1377,15.3,0,0,0,0,0,0,0,0,0.00,0.00,0.00,0.00,0.00,Matches,a66ec2d0
107,Michaël Chrétien,ma MAR,DF,Nancy,32,1984,13,13,1124,12.5,0,0,0,0,0,0,1,0,0.00,0.00,0.00,0.00,0.00,Matches,28375a19
108,Michaël Ciani,fr FRA,DF,Lorient,32,1984,25,25,2167,24.1,3,0,3,3,0,0,5,0,0.12,0.00,0.12,0.12,0.12,Matches,2ce3dc98
109,Gilles Cioni,fr FRA,DF,Bastia,32,1984,25,23,2064,22.9,0,0,0,0,0,0,7,0,0.00,0.00,0.00,0.00,0.00,Matches,2af93180
110,Issa Cissokho,sn SEN,DF,Angers,31,1985,13,13,1158,12.9,0,2,2,0,0,0,2,1,0.00,0.16,0.16,0.00,0.16,Matches,a1017967
111,Renato Civelli,ar ARG,DF,Lille,32,1983,13,12,1098,12.2,1,0,1,1,0,0,4,0,0.08,0.00,0.08,0.08,0.08,Matches,71bc7742
112,Jérémy Clément,fr FRA,MF,Saint-Étienne,31,1984,5,3,335,3.7,0,0,0,0,0,0,0,0,0.00,0.00,0.00,0.00,0.00,Matches,06cb3efe
113,Marcus Coco,fr FRA,MFFW,Guingamp,20,1996,34,31,2612,29.0,4,2,6,4,0,0,6,0,0.14,0.07,0.21,0.14,0.21,Matches,3010aefb
114,Renaud Cohade,fr FRA,MF,Metz,31,1984,33,32,2782,30.9,1,4,5,1,0,0,11,1,0.03,0.13,0.16,0.03,0.16,Matches,4e7d66f8
115,Daniel Congré,fr FRA,DF,Montpellier,31,1985,24,21,1815,20.2,1,0,1,1,0,0,2,1,0.05,0.00,0.05,0.05,0.05,Matches,3f5b4635
116,Diego Contento,de GER,DF,Bordeaux,26,1990,25,24,2103,23.4,0,1,1,0,0,0,3,0,0.00,0.04,0.04,0.00,0.04,Matches,15a21c79
117,Sébastien Corchia,fr FRA,DFMF,Lille,25,1990,38,38,3416,38.0,1,1,2,1,0,0,4,0,0.03,0.03,0.05,0.03,0.05,Matches,0e7ccfc4
118,Benjamin Corgnet,fr FRA,FWMF,Saint-Étienne,29,1987,10,3,397,4.4,1,0,1,1,0,0,1,0,0.23,0.00,0.23,0.23,0.23,Matches,cfd8dde3
119,Maxwel Cornet,ci CIV,FWMF,Lyon,19,1996,33,19,1899,21.1,6,2,8,6,0,0,1,0,0.28,0.09,0.38,0.28,0.38,Matches,beb391dd
120,Benoît Costil,fr FRA,GK,Rennes,29,1987,38,38,3420,38.0,0,0,0,0,0,0,1,0,0.00,0.00,0.00,0.00,0.00,Matches,2434f24a
121,Karim Coulibaly,fr FRA,FWMF,Nancy,23,1993,9,6,560,6.2,0,0,0,0,0,0,0,0,0.00,0.00,0.00,0.00,0.00,Matches,9761a8c3
122,Lassana Coulibaly,ml MLI,MF,Bastia,20,1996,30,25,2277,25.3,0,2,2,0,0,0,4,0,0.00,0.08,0.08,0.00,0.08,Matches,85a44ecc
123,Enzo Crivelli,fr FRA,FW,Bastia,21,1995,24,24,2073,23.0,10,1,11,10,0,1,7,2,0.43,0.04,0.48,0.43,0.48,Matches,06f33dc8
124,Joffrey Cuffaut,fr FRA,DF,Nancy,28,1988,30,29,2568,28.5,1,1,2,1,0,0,8,0,0.04,0.04,0.07,0.04,0.07,Matches,f71e34b2
125,Wylan Cyprien,fr FRA,MF,Nice,21,1995,29,27,2431,27.0,8,3,11,8,0,0,2,0,0.30,0.11,0.41,0.30,0.41,Matches,3e092724
126,Damien Da Silva,fr FRA,DF,Caen,28,1988,36,36,3167,35.2,0,2,2,0,0,0,4,3,0.00,0.06,0.06,0.00,0.06,Matches,1ec7e1c5
127,Bryan Dabo,bf BFA,MFDF,Saint-Étienne,24,1992,14,8,643,7.1,0,0,0,0,0,0,3,0,0.00,0.00,0.00,0.00,0.00,Matches,c53083ad
128,Mouhamadou Dabo,fr FRA,DF,Caen,29,1986,2,2,146,1.6,0,0,0,0,0,0,1,0,0.00,0.00,0.00,0.00,0.00,Matches,78853b7b
129,Maurice Dalé,fr FRA,FW,Nancy,31,1985,25,16,1462,16.2,3,4,7,3,0,0,1,0,0.18,0.25,0.43,0.18,0.43,Matches,7e916030
130,Gaël Danic,fr FRA,MF,Bastia,34,1981,29,19,1843,20.5,4,3,7,4,0,0,8,2,0.20,0.15,0.34,0.20,0.34,Matches,5a529d5a
131,Dante,br BRA,DF,Nice,32,1983,33,33,2970,33.0,0,3,3,0,0,0,5,0,0.00,0.09,0.09,0.00,0.09,Matches,fd2bc67d
132,Romain Danzé,fr FRA,DF,Rennes,30,1986,35,34,3092,34.4,0,2,2,0,0,0,2,0,0.00,0.06,0.06,0.00,0.06,Matches,a5876fca
133,Sergi Darder,es ESP,MF,Lyon,22,1993,23,15,1414,15.7,1,2,3,1,0,0,3,0,0.06,0.13,0.19,0.06,0.19,Matches,070a3904
134,Nill De Pauw,cd COD,FWMF,Guingamp,26,1990,28,3,761,8.5,4,2,6,4,0,0,1,0,0.47,0.24,0.71,0.47,0.71,Matches,518738b4
135,Morgan De Sanctis,it ITA,GK,Monaco,39,1977,1,1,90,1.0,0,0,0,0,0,0,0,0,0.00,0.00,0.00,0.00,0.00,Matches,83228343
136,Lucas Deaux,fr FRA,MF,Guingamp,27,1988,38,35,3075,34.2,2,5,7,2,0,0,4,0,0.06,0.15,0.20,0.06,0.20,Matches,44f8c299
137,Jonathan Delaplace,fr FRA,MF,Caen,30,1986,33,31,2637,29.3,0,4,4,0,0,0,3,0,0.00,0.14,0.14,0.00,0.14,Matches,79685569
138,Paul Delecroix,gw GNB,GK,Lorient,27,1988,7,7,630,7.0,0,0,0,0,0,0,1,0,0.00,0.00,0.00,0.00,0.00,Matches,2ee1b96b
139,Andy Delort,dz ALG,FW,Toulouse,24,1991,15,15,1218,13.5,5,1,6,4,1,2,0,0,0.37,0.07,0.44,0.30,0.37,Matches,d33c706e
140,Quentin Depehi,fr FRA,FW,Toulouse,19,1997,1,0,12,0.1,0,0,0,0,0,0,0,0,0.00,0.00,0.00,0.00,0.00,Matches,840c5765
141,Mathieu Deplagne,fr FRA,DF,Montpellier,24,1991,19,14,1125,12.5,0,1,1,0,0,0,5,0,0.00,0.08,0.08,0.00,0.08,Matches,ff16ecad
142,Ángel Di María,ar ARG,FW,Paris S-G,28,1988,29,24,2036,22.6,6,7,13,6,0,0,1,1,0.27,0.31,0.57,0.27,0.57,Matches,19cda00b
143,Issiar Dia,sn SEN,FW,Nancy,29,1987,31,22,2000,22.2,8,3,11,7,1,1,3,0,0.36,0.14,0.50,0.32,0.45,Matches,32d787c2
144,Cheick Diabaté,ml MLI,FW,Metz,28,1988,14,12,1055,11.7,8,1,9,5,3,3,2,0,0.68,0.09,0.77,0.43,0.51,Matches,95cfe655
145,Abou Diaby,fr FRA,MF,Marseille,30,1986,2,2,128,1.4,0,0,0,0,0,0,1,0,0.00,0.00,0.00,0.00,0.00,Matches,8c8b5071
146,Fallou Diagne,sn SEN,MF,Metz,26,1989,12,12,999,11.1,0,0,0,0,0,0,3,1,0.00,0.00,0.00,0.00,0.00,Matches,cd387ff4
147,Modou Diagne,sn SEN,DF,Nancy,22,1994,22,21,1846,20.5,1,0,1,1,0,0,1,1,0.05,0.00,0.05,0.05,0.05,Matches,faf5b61a
148,Adama Diakhaby,fr FRA,MF,Rennes,20,1996,25,3,728,8.1,4,0,4,3,1,1,2,0,0.49,0.00,0.49,0.37,0.37,Matches,65585e3a
149,Mouctar Diakhaby,gn GUI,DF,Lyon,19,1996,22,22,1929,21.4,1,0,1,1,0,0,5,0,0.05,0.00,0.05,0.05,0.05,Matches,d2110326
150,Abdou Diallo,sn SEN,DF,Monaco,20,1996,5,4,388,4.3,0,0,0,0,0,0,0,0,0.00,0.00,0.00,0.00,0.00,Matches,fc62f087
151,Habib Diallo,sn SEN,FWMF,Metz,21,1995,19,7,832,9.2,1,1,2,1,0,0,0,0,0.11,0.11,0.22,0.11,0.22,Matches,6605d143
152,Mustapha Diallo,sn SEN,MF,Guingamp,30,1986,26,22,1744,19.4,5,1,6,5,0,0,8,2,0.26,0.05,0.31,0.26,0.31,Matches,6c6ecdd4
153,Sadio Diallo,gn GUI,MFFW,Bastia,25,1990,28,20,1417,15.7,3,3,6,3,0,0,3,0,0.19,0.19,0.38,0.19,0.38,Matches,abfe37a2
154,Alou Diarra,fr FRA,MF,Nancy,35,1981,18,16,1291,14.3,2,0,2,2,0,0,7,0,0.14,0.00,0.14,0.14,0.14,Matches,9b74ce00
155,Lassana Diarra,fr FRA,MF,Marseille,31,1985,11,8,729,8.1,0,0,0,0,0,0,2,0,0.00,0.00,0.00,0.00,0.00,Matches,79584585
156,Thomas Didillon,fr FRA,GK,Metz,20,1995,32,32,2880,32.0,0,0,0,0,0,0,0,0,0.00,0.00,0.00,0.00,0.00,Matches,a3d524cb
157,Étienne Didot,fr FRA,MF,Guingamp,33,1983,28,26,2139,23.8,1,1,2,1,0,0,6,0,0.04,0.04,0.08,0.04,0.08,Matches,d2aa8ac0
158,Famara Diedhiou,sn SEN,FW,Angers,23,1992,31,28,2270,25.2,8,1,9,7,1,2,6,0,0.32,0.04,0.36,0.28,0.32,Matches,e447352c
159,Ismaël Diomandé,ci CIV,MFDF,Caen,23,1992,12,7,792,8.8,0,0,0,0,0,0,3,0,0.00,0.00,0.00,0.00,0.00,Matches,10650926
160,Lois Diony,fr FRA,FW,Dijon,23,1992,35,31,2807,31.2,11,7,18,11,0,0,2,1,0.35,0.22,0.58,0.35,0.58,Matches,4be0b467
161,Issa Diop,fr FRA,DF,Toulouse,19,1997,30,30,2700,30.0,2,1,3,2,0,0,9,0,0.07,0.03,0.10,0.07,0.10,Matches,a712ca2b
162,Nabil Dirar,ma MAR,MFDF,Monaco,30,1986,18,8,876,9.7,1,3,4,1,0,0,2,0,0.10,0.31,0.41,0.10,0.41,Matches,a2b0d521
163,Koffi Djidji,ci CIV,DFMF,Nantes,23,1992,28,28,2491,27.7,0,0,0,0,0,0,7,0,0.00,0.00,0.00,0.00,0.00,Matches,933d3b51
164,Alexander Djiku,gh GHA,DF,Bastia,21,1994,23,21,1850,20.6,1,0,1,1,0,0,2,2,0.05,0.00,0.05,0.05,0.05,Matches,43e7a164
165,Keagan Dolly,za RSA,MF,Montpellier,23,1993,12,5,448,5.0,0,0,0,0,0,0,0,0,0.00,0.00,0.00,0.00,0.00,Matches,ccb1c3af
166,Anastasios Donis,gr GRE,FWMF,Nice,19,1996,18,3,455,5.1,5,1,6,5,0,0,1,0,0.99,0.20,1.19,0.99,1.19,Matches,0f26fd24
167,Férébory Doré,cg CGO,FW,Angers,27,1989,9,1,180,2.0,0,0,0,0,0,0,0,0,0.00,0.00,0.00,0.00,0.00,Matches,cf91c5d6
168,Dória,br BRA,DF,Marseille,21,1994,23,14,1372,15.2,1,0,1,1,0,0,4,0,0.07,0.00,0.07,0.07,0.07,Matches,d28b4a9d
169,Gabriel Dos Santos,br BRA,DF,Lille,18,1997,1,0,9,0.1,0,0,0,0,0,0,0,0,0.00,0.00,0.00,0.00,0.00,Matches,67ac5bb8
170,Cheick Doukouré,ci CIV,MF,Metz,23,1992,29,27,2256,25.1,0,1,1,0,0,0,7,3,0.00,0.04,0.04,0.00,0.04,Matches,e208bcc8
171,Tongo Doumbia,ml MLI,MF,Toulouse,26,1989,10,5,476,5.3,0,0,0,0,0,0,2,0,0.00,0.00,0.00,0.00,0.00,Matches,29a506e1
172,Julian Draxler,de GER,FW,Paris S-G,22,1993,17,12,1012,11.2,4,1,5,4,0,0,2,0,0.36,0.09,0.44,0.36,0.44,Matches,1a992676
173,Matthieu Dreyer,fr FRA,GK,Caen,27,1989,2,2,180,2.0,0,0,0,0,0,0,0,0,0.00,0.00,0.00,0.00,0.00,Matches,fbf83734
174,Leo Dubois,fr FRA,DF,Nantes,21,1994,36,35,3133,34.8,0,6,6,0,0,0,2,0,0.00,0.17,0.17,0.00,0.17,Matches,ff0ab48c
175,Maxime Dupé,fr FRA,GK,Nantes,23,1993,16,16,1440,16.0,0,0,0,0,0,0,1,0,0.00,0.00,0.00,0.00,0.00,Matches,0e12089d
176,Jimmy Durmaz,se SWE,MF,Toulouse,27,1989,27,17,1520,16.9,2,1,3,2,0,0,5,0,0.12,0.06,0.18,0.12,0.18,Matches,f09a8b75
177,Éder,pt POR,FW,Lille,28,1987,31,28,2470,27.4,6,5,11,5,1,2,3,0,0.22,0.18,0.40,0.18,0.36,Matches,f0fc9d0e
178,Odsonne Édouard,fr FRA,FWMF,Toulouse,18,1998,16,4,572,6.4,1,0,1,1,0,0,0,0,0.16,0.00,0.16,0.16,0.16,Matches,0562b7f1
179,Vincent Enyeama,ng NGA,GK,Lille,33,1982,32,32,2854,31.7,0,0,0,0,0,0,4,0,0.00,0.00,0.00,0.00,0.00,Matches,62156b6a
180,Kermit Erasmus,za RSA,FW,Rennes,26,1990,8,1,169,1.9,0,0,0,0,0,0,0,0,0.00,0.00,0.00,0.00,0.00,Matches,4faf6bb6
181,Mevlüt Erdinç,tr TUR,FW,Metz,29,1987,24,15,1405,15.6,6,1,7,3,3,4,1,0,0.38,0.06,0.45,0.19,0.26,Matches,3b99b9e1
182,Patrice Evra,fr FRA,DF,Marseille,35,1981,11,11,868,9.6,1,0,1,1,0,0,3,0,0.10,0.00,0.10,0.10,0.10,Matches,51a3caf1
183,Valentin Eysseric,fr FRA,FWMF,Nice,24,1992,29,23,2076,23.1,4,7,11,4,0,0,4,0,0.17,0.30,0.48,0.17,0.48,Matches,ae82fa48
184,Fabinho,br BRA,MF,Monaco,22,1993,37,33,3073,34.1,9,1,10,2,7,7,8,0,0.26,0.03,0.29,0.06,0.09,Matches,7f3b388c
185,Radamel Falcao,co COL,FW,Monaco,30,1986,29,22,1927,21.4,21,4,25,17,4,4,2,0,0.98,0.19,1.17,0.79,0.98,Matches,66116290
186,Simon Falette,gn GUI,DF,Metz,24,1992,35,35,3089,34.3,3,1,4,3,0,0,7,0,0.09,0.03,0.12,0.09,0.12,Matches,b82880c6
187,Rod Fanni,fr FRA,DF,Marseille,34,1981,28,27,2396,26.6,1,0,1,1,0,0,7,0,0.04,0.00,0.04,0.04,0.04,Matches,28c4631c
188,Nabil Fekir,fr FRA,MFFW,Lyon,23,1993,32,28,2209,24.5,9,5,14,7,2,2,5,1,0.37,0.20,0.57,0.29,0.49,Matches,bece776f
189,Julien Féret,fr FRA,MF,Caen,34,1982,35,35,3116,34.6,2,3,5,2,0,0,1,0,0.06,0.09,0.14,0.06,0.14,Matches,ac62861c
190,Gelson Fernandes,ch SUI,MF,Rennes,29,1986,27,21,1836,20.4,0,0,0,0,0,0,7,0,0.00,0.00,0.00,0.00,0.00,Matches,8e58987d
191,Jordan Ferri,fr FRA,MF,Lyon,24,1992,28,11,1052,11.7,1,2,3,1,0,0,4,0,0.09,0.17,0.26,0.09,0.26,Matches,375622c5
192,Afonso Figueiredo,pt POR,DF,Rennes,23,1993,5,2,260,2.9,0,0,0,0,0,0,0,0,0.00,0.00,0.00,0.00,0.00,Matches,f51edbf3
193,Moryké Fofana,ci CIV,MF,Lorient,24,1991,7,4,353,3.9,0,0,0,0,0,0,0,0,0.00,0.00,0.00,0.00,0.00,Matches,d4f8f243
194,Milan Gaji?,rs SRB,DF,Bordeaux,20,1996,14,11,1137,12.6,0,0,0,0,0,0,5,0,0.00,0.00,0.00,0.00,0.00,Matches,9f6325f9
195,Jordy Gaspar,fr FRA,MFDF,Lyon,19,1997,2,2,172,1.9,0,0,0,0,0,0,1,0,0.00,0.00,0.00,0.00,0.00,Matches,5fc8a115
196,Johan Gastien,fr FRA,MF,Dijon,28,1988,15,8,889,9.9,0,0,0,0,0,0,3,0,0.00,0.00,0.00,0.00,0.00,Matches,868eaba0
197,Romain Genevois,ht HAI,DF,Caen,28,1987,13,10,860,9.6,0,0,0,0,0,0,1,0,0.00,0.00,0.00,0.00,0.00,Matches,1040e783
198,Valère Germain,fr FRA,FW,Monaco,26,1990,36,27,2225,24.7,10,4,14,10,0,0,0,0,0.40,0.16,0.57,0.40,0.57,Matches,ea0ff634
199,Anwar El Ghazi,nl NED,MFFW,Lille,21,1995,12,7,703,7.8,1,0,1,1,0,0,2,0,0.13,0.00,0.13,0.13,0.13,Matches,ffa90327
200,Lamine Ghezali,fr FRA,MF,Saint-Étienne,17,1999,1,0,2,0.0,0,0,0,0,0,0,0,0,0.00,0.00,0.00,0.00,0.00,Matches,ce84946a
201,Rachid Ghezzal,dz ALG,MFFW,Lyon,24,1992,26,15,1374,15.3,2,2,4,2,0,0,2,2,0.13,0.13,0.26,0.13,0.26,Matches,dc3a9a0d
202,Guillaume Gillet,be BEL,MF,Nantes,32,1984,38,38,3366,37.4,3,0,3,3,0,0,5,0,0.08,0.00,0.08,0.08,0.08,Matches,3f944dad
203,Thibault Giresse,fr FRA,MF,Guingamp,35,1981,13,4,433,4.8,1,0,1,1,0,0,0,0,0.21,0.00,0.21,0.21,0.21,Matches,81d9a76b
204,Kamil Glik,pl POL,DF,Monaco,28,1988,36,36,3240,36.0,6,2,8,6,0,0,6,0,0.17,0.06,0.22,0.17,0.22,Matches,c6056d58
205,Joris Gnagnon,fr FRA,DF,Rennes,19,1997,27,27,2327,25.9,1,0,1,1,0,0,2,0,0.04,0.00,0.04,0.04,0.04,Matches,1232e1dc
206,Mauro Goicoechea,uy URU,GK,Toulouse,28,1988,2,2,180,2.0,0,0,0,0,0,0,0,0,0.00,0.00,0.00,0.00,0.00,Matches,132bb875
207,Bafétimbi Gomis,fr FRA,FW,Marseille,30,1985,31,30,2599,28.9,20,4,24,17,3,3,6,0,0.69,0.14,0.83,0.59,0.73,Matches,3d6686f9
208,Maxime Gonalons,fr FRA,MF,Lyon,27,1989,30,29,2518,28.0,1,1,2,1,0,0,7,1,0.04,0.04,0.07,0.04,0.07,Matches,b8c1de25
209,Mathieu Gorgelin,fr FRA,GK,Lyon,25,1990,1,1,90,1.0,0,0,0,0,0,0,0,0,0.00,0.00,0.00,0.00,0.00,Matches,4d3e9033
210,Yoann Gourcuff,fr FRA,MFFW,Rennes,30,1986,27,27,2289,25.4,4,3,7,4,0,0,3,0,0.16,0.12,0.28,0.16,0.28,Matches,3acddfdd
211,Clément Grenier,fr FRA,MF,Lyon,25,1991,4,0,35,0.4,0,0,0,0,0,0,0,0,0.00,0.00,0.00,0.00,0.00,Matches,8b298f56
212,Kamil Grosicki,pl POL,MF,Rennes,28,1988,16,9,992,11.0,4,3,7,3,1,2,0,0,0.36,0.27,0.64,0.27,0.54,Matches,81d8091f
213,Gonçalo Guedes,pt POR,FW,Paris S-G,19,1996,7,1,143,1.6,0,1,1,0,0,0,0,0,0.00,0.63,0.63,0.00,0.63,Matches,e6bc67d7
214,Mattéo Guendouzi,fr FRA,MF,Lorient,17,1999,8,4,420,4.7,0,0,0,0,0,0,2,0,0.00,0.00,0.00,0.00,0.00,Matches,5ea8ef20
215,Diallo Guidileye,mr MTN,MF,Nancy,26,1989,24,18,1749,19.4,0,2,2,0,0,0,5,0,0.00,0.10,0.10,0.00,0.10,Matches,6c4ae57c
216,Frederic Guilbert,fr FRA,DF,Bordeaux,21,1994,3,2,223,2.5,0,0,0,0,0,0,0,0,0.00,0.00,0.00,0.00,0.00,Matches,5d8d7454
217,Frederic Guilbert,fr FRA,DFMF,Caen,21,1994,23,23,2038,22.6,0,1,1,0,0,0,4,0,0.00,0.04,0.04,0.00,0.04,Matches,5d8d7454
218,Théo Guivarch,fr FRA,GK,Guingamp,20,1995,1,0,50,0.6,0,0,0,0,0,0,0,0,0.00,0.00,0.00,0.00,0.00,Matches,abddecab
219,Oussama Haddadi,tn TUN,DF,Dijon,24,1992,13,12,1078,12.0,0,2,2,0,0,0,2,0,0.00,0.17,0.17,0.00,0.17,Matches,ec400194
220,Youssouf Hadji,ma MAR,FW,Nancy,36,1980,26,14,1299,14.4,0,1,1,0,0,1,1,0,0.00,0.07,0.07,0.00,0.07,Matches,6ae62163
221,Pierre-Yves Hamel,fr FRA,FW,Lorient,22,1994,3,0,36,0.4,1,0,1,1,0,0,0,0,2.50,0.00,2.50,2.50,2.50,Matches,a99da9ec
222,Romain Hamouma,fr FRA,MFFW,Saint-Étienne,29,1987,29,22,1969,21.9,7,5,12,5,2,2,2,0,0.32,0.23,0.55,0.23,0.46,Matches,0b4d8274
223,Amine Harit,ma MAR,MF,Nantes,19,1997,30,23,2184,24.3,1,1,2,1,0,0,4,1,0.04,0.04,0.08,0.04,0.08,Matches,e7d59f4f
224,Gauthier Hein,fr FRA,MF,Metz,19,1996,13,6,518,5.8,1,0,1,1,0,0,1,0,0.17,0.00,0.17,0.17,0.17,Matches,563fcd6b
225,Dalbert Henrique,br BRA,DFMF,Nice,22,1993,33,33,2867,31.9,0,2,2,0,0,0,7,0,0.00,0.06,0.06,0.00,0.06,Matches,f45f9427
226,Pedro Henrique,br BRA,MF,Rennes,26,1990,13,4,331,3.7,0,1,1,0,0,0,3,0,0.00,0.27,0.27,0.00,0.27,Matches,460976a2
227,Vitorino Hilton,br BRA,DF,Montpellier,38,1977,32,32,2803,31.1,1,1,2,1,0,0,2,0,0.03,0.03,0.06,0.03,0.06,Matches,c4bbea9f
228,Tomáš Hubo?an,sk SVK,DF,Marseille,30,1985,13,11,997,11.1,0,0,0,0,0,0,4,0,0.00,0.00,0.00,0.00,0.00,Matches,97b87472
229,Adrien Hunou,fr FRA,MF,Rennes,22,1994,22,11,1139,12.7,1,0,1,1,0,0,2,0,0.08,0.00,0.08,0.08,0.08,Matches,d14229f3
230,Didier Ibrahim Ndong,ga GAB,MF,Lorient,22,1994,2,2,120,1.3,0,0,0,0,0,0,0,1,0.00,0.00,0.00,0.00,0.00,Matches,885b7aa7
231,Jordan Ikoko,cd COD,DF,Guingamp,22,1994,27,25,2324,25.8,0,1,1,0,0,0,3,0,0.00,0.04,0.04,0.00,0.04,Matches,8ff4872e
232,Jonathan Ikone,fr FRA,MFFW,Montpellier,18,1998,14,7,669,7.4,1,1,2,1,0,0,1,0,0.13,0.13,0.27,0.13,0.27,Matches,42eaa028
233,Jonathan Ikone,fr FRA,MFFW,Paris S-G,18,1998,4,2,138,1.5,0,0,0,0,0,0,0,0,0.00,0.00,0.00,0.00,0.00,Matches,42eaa028
234,Jules Iloki,fr FRA,MFFW,Nantes,24,1992,23,15,1215,13.5,1,4,5,1,0,0,2,0,0.07,0.30,0.37,0.07,0.37,Matches,f352a2db
235,Emmanuel Imorou,bj BEN,DF,Caen,27,1988,9,8,699,7.8,0,0,0,0,0,0,1,0,0.00,0.00,0.00,0.00,0.00,Matches,3e87d087
236,Christophe Jallet,fr FRA,DF,Lyon,32,1983,13,12,1094,12.2,1,2,3,1,0,0,0,0,0.08,0.16,0.25,0.08,0.25,Matches,46d50339
237,Nicolas Janvier,fr FRA,MF,Rennes,17,1998,4,1,93,1.0,0,0,0,0,0,0,0,0,0.00,0.00,0.00,0.00,0.00,Matches,22a62523
238,Corentin Jean,fr FRA,MF,Toulouse,21,1995,16,16,1258,14.0,1,2,3,1,0,0,1,0,0.07,0.14,0.21,0.07,0.21,Matches,7d9b37bf
239,Corentin Jean,fr FRA,FW,Monaco,21,1995,2,1,101,1.1,0,0,0,0,0,0,1,0,0.00,0.00,0.00,0.00,0.00,Matches,7d9b37bf
240,Benjamin Jeannot,fr FRA,FW,Lorient,24,1992,17,4,520,5.8,0,1,1,0,0,0,0,1,0.00,0.17,0.17,0.00,0.17,Matches,2e52206e
241,Jemerson,br BRA,DF,Monaco,23,1992,34,34,3058,34.0,2,0,2,2,0,0,8,2,0.06,0.00,0.06,0.06,0.06,Matches,7cab69b5
242,Jesé,es ESP,FW,Paris S-G,23,1993,9,1,268,3.0,1,0,1,0,1,1,0,0,0.34,0.00,0.34,0.00,0.00,Matches,4a537185
243,Karl-Johan Johnsson,se SWE,GK,Guingamp,26,1990,37,37,3280,36.4,0,0,0,0,0,0,1,1,0.00,0.00,0.00,0.00,0.00,Matches,a56bd2ee
244,Jorge,br BRA,DF,Monaco,20,1996,2,1,91,1.0,1,0,1,1,0,0,0,0,0.99,0.00,0.99,0.99,0.99,Matches,13c44fc5
245,Jorginho,gw GNB,MF,Saint-Étienne,20,1995,5,3,259,2.9,1,0,1,1,0,0,1,2,0.35,0.00,0.35,0.35,0.35,Matches,a6f6aad2
246,Yann Jouffre,fr FRA,MF,Metz,32,1984,20,14,1283,14.3,4,2,6,2,2,2,1,0,0.28,0.14,0.42,0.14,0.28,Matches,5d66c10d
247,Geoffrey Jourdren,fr FRA,GK,Montpellier,30,1986,13,13,1170,13.0,0,0,0,0,0,0,0,0,0.00,0.00,0.00,0.00,0.00,Matches,aaa7b6bf
248,Vukašin Jovanovi?,rs SRB,DF,Bordeaux,20,1996,8,8,704,7.8,0,0,0,0,0,0,3,0,0.00,0.00,0.00,0.00,0.00,Matches,0eb03d5b
249,Christopher Jullien,fr FRA,DF,Toulouse,23,1993,35,35,3150,35.0,4,1,5,4,0,0,2,1,0.11,0.03,0.14,0.11,0.14,Matches,f323d995
250,Alexander Ka?anikli?,se SWE,MFFW,Nantes,24,1991,17,7,701,7.8,0,0,0,0,0,0,2,0,0.00,0.00,0.00,0.00,0.00,Matches,8ba3a754
251,Aldo Kalulu,cd COD,FWMF,Rennes,20,1996,10,5,420,4.7,0,1,1,0,0,0,1,0,0.00,0.21,0.21,0.00,0.21,Matches,d75098c2
252,Aldo Kalulu,cd COD,FW,Lyon,20,1996,4,1,78,0.9,1,0,1,1,0,0,0,0,1.15,0.00,1.15,1.15,1.15,Matches,d75098c2
253,François Kamano,gn GUI,FW,Bordeaux,20,1996,30,17,1695,18.8,6,5,11,6,0,0,4,0,0.32,0.27,0.58,0.32,0.58,Matches,81d3318f
254,Abdelhamid El Kaoutari,ma MAR,DF,Bastia,26,1990,18,16,1352,15.0,0,0,0,0,0,0,1,2,0.00,0.00,0.00,0.00,0.00,Matches,494a3a41
255,Yann Karamoh,fr FRA,MFFW,Caen,18,1998,35,25,2201,24.5,5,4,9,5,0,0,2,0,0.20,0.16,0.37,0.20,0.37,Matches,8b66d9cc
256,Benjamin Karamoko,ml MLI,DF,Saint-Étienne,21,1995,1,1,60,0.7,0,0,0,0,0,0,1,0,0.00,0.00,0.00,0.00,0.00,Matches,acb9db1b
257,Eiji Kawashima,jp JPN,GK,Metz,33,1983,5,5,450,5.0,0,0,0,0,0,0,0,0,0.00,0.00,0.00,0.00,0.00,Matches,a4527d33
258,Abdoulaye Keita,ml MLI,DFMF,Bastia,22,1994,21,14,1471,16.3,0,0,0,0,0,0,2,0,0.00,0.00,0.00,0.00,0.00,Matches,ae77ece0
259,Olivier Kemen,cm CMR,MF,Lyon,20,1996,2,0,60,0.7,0,0,0,0,0,0,0,0,0.00,0.00,0.00,0.00,0.00,Matches,22f1de6c
260,Christophe Kerbrat,fr FRA,DF,Guingamp,29,1986,35,35,3134,34.8,0,2,2,0,0,0,4,0,0.00,0.06,0.06,0.00,0.06,Matches,0515a4cb
261,Billy Ketkeophomphone,la LAO,FWMF,Angers,26,1990,5,4,292,3.2,1,0,1,1,0,0,2,2,0.31,0.00,0.31,0.31,0.31,Matches,06f46837
262,Hamidou Keyta,fr FRA,MFFW,Saint-Étienne,21,1994,4,2,163,1.8,0,0,0,0,0,0,0,0,0.00,0.00,0.00,0.00,0.00,Matches,4a396ae9
263,Saîf-Eddine Khaoui,tn TUN,MF,Marseille,21,1995,9,1,149,1.7,0,0,0,0,0,0,0,0,0.00,0.00,0.00,0.00,0.00,Matches,796b1c41
264,Isaac Kiese Thelin,se SWE,FW,Bordeaux,24,1992,7,2,238,2.6,2,0,2,1,1,1,1,0,0.76,0.00,0.76,0.38,0.38,Matches,b956af7d
265,Presnel Kimpembe,fr FRA,DF,Paris S-G,20,1995,19,19,1710,19.0,0,0,0,0,0,0,7,0,0.00,0.00,0.00,0.00,0.00,Matches,aef6e670
266,Ricardo Kishna,nl NED,MFFW,Lille,21,1995,11,5,504,5.6,0,0,0,0,0,0,0,0,0.00,0.00,0.00,0.00,0.00,Matches,84e947d6
267,Erwin Koffi,fr FRA,DF,Lorient,21,1995,12,11,997,11.1,0,1,1,0,0,0,0,0,0.00,0.09,0.09,0.00,0.09,Matches,b4d4fc0d
268,Youssouf Koné,ml MLI,DF,Lille,21,1995,2,2,180,2.0,0,0,0,0,0,0,0,0,0.00,0.00,0.00,0.00,0.00,Matches,e6eadfb8
269,Anthony Koura,bf BFA,FWMF,Nancy,23,1993,15,8,766,8.5,1,0,1,1,0,0,1,0,0.12,0.00,0.12,0.12,0.12,Matches,b7618cc9
270,Vincent Koziello,fr FRA,MF,Nice,20,1995,27,19,1669,18.5,1,1,2,1,0,0,4,0,0.05,0.05,0.11,0.05,0.11,Matches,9a493fb7
271,Grzegorz Krychowiak,pl POL,MF,Paris S-G,26,1990,11,7,659,7.3,0,0,0,0,0,0,2,0,0.00,0.00,0.00,0.00,0.00,Matches,580d52dd
272,Layvin Kurzawa,fr FRA,DF,Paris S-G,23,1992,18,18,1527,17.0,2,2,4,2,0,0,3,0,0.12,0.12,0.24,0.12,0.24,Matches,41e7ef1c
273,Enock Kwateng,fr FRA,DF,Nantes,19,1997,7,4,430,4.8,0,0,0,0,0,0,2,0,0.00,0.00,0.00,0.00,0.00,Matches,4bf69118
274,Gaëtan Laborde,fr FRA,FW,Bordeaux,22,1994,36,21,2033,22.6,6,5,11,6,0,0,3,0,0.27,0.22,0.49,0.27,0.49,Matches,7cdda3bf
275,Alexandre Lacazette,fr FRA,FW,Lyon,25,1991,30,28,2405,26.7,28,3,31,18,10,12,3,0,1.05,0.11,1.16,0.67,0.79,Matches,9dbb75ca
276,Léo Lacroix,ch SUI,DF,Saint-Étienne,24,1992,20,18,1681,18.7,0,0,0,0,0,0,6,0,0.00,0.00,0.00,0.00,0.00,Matches,5984e9f9
277,Alban Lafont,fr FRA,GK,Toulouse,17,1999,36,36,3240,36.0,0,0,0,0,0,0,5,0,0.00,0.00,0.00,0.00,0.00,Matches,4e7db402
278,Ádám Lang,hu HUN,DF,Dijon,23,1993,19,18,1625,18.1,0,0,0,0,0,0,4,0,0.00,0.00,0.00,0.00,0.00,Matches,8614496d
279,Paul Lasne,fr FRA,MF,Montpellier,27,1989,24,16,1485,16.5,3,2,5,3,0,0,1,0,0.18,0.12,0.30,0.18,0.30,Matches,542cc80f
280,Wesley Lautoa,nc NCL,MFDF,Lorient,28,1987,21,18,1507,16.7,1,0,1,1,0,0,6,0,0.06,0.00,0.06,0.06,0.06,Matches,6e5b5a45
281,Mickaël Le Bihan,fr FRA,FW,Nice,26,1990,10,2,306,3.4,3,0,3,3,0,0,0,0,0.88,0.00,0.88,0.88,0.88,Matches,d512db65
282,Vincent Le Goff,fr FRA,DF,Lorient,26,1989,38,37,3336,37.1,1,0,1,1,0,0,5,0,0.03,0.00,0.03,0.03,0.03,Matches,2321ea6e
283,Maxime Le Marchand,fr FRA,DF,Nice,26,1989,10,8,707,7.9,0,0,0,0,0,0,1,0,0.00,0.00,0.00,0.00,0.00,Matches,321a71a7
284,James Lea Siliki,cm CMR,FWMF,Rennes,20,1996,1,0,13,0.1,0,0,0,0,0,0,0,0,0.00,0.00,0.00,0.00,0.00,Matches,7cf431a5
285,Jordan Leborgne,gp GLP,DF,Caen,20,1995,6,2,248,2.8,0,0,0,0,0,0,0,0,0.00,0.00,0.00,0.00,0.00,Matches,0f0d05fd
286,Jean-Louis Leca,fr FRA,GK,Bastia,30,1985,34,34,3017,33.5,0,0,0,0,0,0,5,1,0.00,0.00,0.00,0.00,0.00,Matches,edbe46dc
287,Benjamin Lecomte,fr FRA,GK,Lorient,25,1991,31,31,2790,31.0,0,0,0,0,0,0,0,0,0.00,0.00,0.00,0.00,0.00,Matches,2fa2a875
288,Pierre Lees-Melou,fr FRA,MFFW,Dijon,23,1993,32,30,2484,27.6,7,3,10,7,0,0,3,0,0.25,0.11,0.36,0.25,0.36,Matches,f5044e54
289,Kevin Lejeune,fr FRA,MF,Metz,31,1985,14,8,636,7.1,0,0,0,0,0,0,0,0,0.00,0.00,0.00,0.00,0.00,Matches,b90b6b66
290,Thomas Lemar,fr FRA,MF,Monaco,20,1995,34,28,2610,29.0,9,11,20,9,0,0,1,0,0.31,0.38,0.69,0.31,0.69,Matches,4dbd0916
291,Fabien Lemoine,fr FRA,MF,Saint-Étienne,29,1987,16,9,780,8.7,0,0,0,0,0,0,0,1,0.00,0.00,0.00,0.00,0.00,Matches,54d51e22
292,Clément Lenglet,fr FRA,DF,Nancy,21,1995,18,18,1620,18.0,0,0,0,0,0,0,4,0,0.00,0.00,0.00,0.00,0.00,Matches,4f28a6ff
293,Ermir Lenjani,al ALB,DFFW,Rennes,26,1989,2,0,26,0.3,0,0,0,0,0,0,0,0,0.00,0.00,0.00,0.00,0.00,Matches,780ec14d
294,Benjamin Leroy,fr FRA,GK,Dijon,27,1989,1,1,90,1.0,0,0,0,0,0,0,0,0,0.00,0.00,0.00,0.00,0.00,Matches,1e7aea56
295,Alexandre Letellier,fr FRA,GK,Angers,25,1990,6,6,540,6.0,0,0,0,0,0,0,0,0,0.00,0.00,0.00,0.00,0.00,Matches,96fcd380
296,Dorian Lévêque,fr FRA,DF,Guingamp,26,1989,2,2,165,1.8,0,0,0,0,0,0,1,0,0.00,0.00,0.00,0.00,0.00,Matches,1263fecd
297,Igor Lewczuk,pl POL,DF,Bordeaux,31,1985,25,25,2113,23.5,1,0,1,1,0,0,3,0,0.04,0.00,0.04,0.04,0.04,Matches,6b9f2f3e
298,Aaron Leya Iseka,be BEL,MFFW,Marseille,18,1997,8,3,260,2.9,0,1,1,0,0,0,0,0,0.00,0.35,0.35,0.00,0.35,Matches,29ef0f49
299,Lucas Lima,br BRA,DF,Nantes,24,1991,38,38,3382,37.6,1,2,3,0,1,2,5,2,0.03,0.05,0.08,0.00,0.05,Matches,0f52f925
300,Alexandre Llovet,fr FRA,FW,Montpellier,18,1997,2,0,18,0.2,0,0,0,0,0,0,0,0,0.00,0.00,0.00,0.00,0.00,Matches,104ed625
301,Giovani Lo Celso,ar ARG,MF,Paris S-G,20,1996,4,1,82,0.9,0,0,0,0,0,0,1,0,0.00,0.00,0.00,0.00,0.00,Matches,d7553721
302,Anthony Lopes,pt POR,GK,Lyon,25,1990,37,37,3330,37.0,0,0,0,0,0,0,0,0,0.00,0.00,0.00,0.00,0.00,Matches,f00de885
303,Rony Lopes,pt POR,MFFW,Lille,20,1995,25,22,1861,20.7,4,4,8,4,0,0,2,0,0.19,0.19,0.39,0.19,0.39,Matches,7c2965bb
304,Maxime Lopez,fr FRA,MF,Marseille,18,1997,30,26,2173,24.1,3,7,10,3,0,0,4,0,0.12,0.29,0.41,0.12,0.41,Matches,20094685
305,Jordan Lotiès,fr FRA,DF,Dijon,31,1984,24,23,2046,22.7,2,0,2,2,0,0,5,2,0.09,0.00,0.09,0.09,0.09,Matches,64864d05
306,Jeff Louis,ht HAI,MFFW,Caen,23,1992,5,3,230,2.6,0,0,0,0,0,0,0,0,0.00,0.00,0.00,0.00,0.00,Matches,4ee7e082
307,David Luiz,br BRA,DF,Paris S-G,29,1987,3,3,241,2.7,0,0,0,0,0,0,1,0,0.00,0.00,0.00,0.00,0.00,Matches,c0e27d1a
308,Dodi Lukebakio,be BEL,FWMF,Toulouse,18,1997,5,0,92,1.0,0,0,0,0,0,0,0,0,0.00,0.00,0.00,0.00,0.00,Matches,0c61c77c
309,Arnaud Lusamba,cd COD,FWMF,Nice,19,1997,6,3,253,2.8,0,0,0,0,0,0,0,0,0.00,0.00,0.00,0.00,0.00,Matches,54131505
310,Cheikh M'Bengue,sn SEN,DFMF,Saint-Étienne,28,1988,15,15,1179,13.1,0,1,1,0,0,0,4,0,0.00,0.08,0.08,0.00,0.08,Matches,88fdac8b
311,Zinédine Machach,fr FRA,MF,Marseille,20,1996,10,4,417,4.6,0,0,0,0,0,0,4,2,0.00,0.00,0.00,0.00,0.00,Matches,31377e38
312,Hicham Mahou,fr FRA,FWMF,Nice,17,1999,1,0,16,0.2,0,0,0,0,0,0,0,0,0.00,0.00,0.00,0.00,0.00,Matches,f329ec76
313,Habib Maïga,ci CIV,DFMF,Saint-Étienne,20,1996,5,4,295,3.3,0,0,0,0,0,0,0,0,0.00,0.00,0.00,0.00,0.00,Matches,e768de1f
314,Mike Maignan,fr FRA,GK,Lille,21,1995,7,6,566,6.3,0,0,0,0,0,0,0,0,0.00,0.00,0.00,0.00,0.00,Matches,fcb38f57
315,Anthony Maisonnial,fr FRA,GK,Saint-Étienne,18,1998,2,1,168,1.9,0,0,0,0,0,0,0,0,0.00,0.00,0.00,0.00,0.00,Matches,108bb1e1
316,Abdul Majeed Waris,gh GHA,FWMF,Lorient,24,1991,35,31,2840,31.6,9,5,14,8,1,3,5,0,0.29,0.16,0.44,0.25,0.41,Matches,46907171
317,Jean-Victor Makengo,fr FRA,MF,Caen,18,1998,17,9,877,9.7,0,0,0,0,0,0,2,0,0.00,0.00,0.00,0.00,0.00,Matches,22bfb57e
318,Steed Malbranque,fr FRA,MF,Caen,36,1980,13,3,370,4.1,0,0,0,0,0,0,2,0,0.00,0.00,0.00,0.00,0.00,Matches,e3df61bc
319,Malcom,br BRA,FWMF,Bordeaux,19,1997,37,33,2728,30.3,7,4,11,7,0,1,2,0,0.23,0.13,0.36,0.23,0.36,Matches,6853490f
320,Kévin Malcuit,ma MAR,DFMF,Saint-Étienne,25,1991,25,23,2092,23.2,0,2,2,0,0,0,4,2,0.00,0.09,0.09,0.00,0.09,Matches,d6a889ea
321,Emanuel Mammana,ar ARG,DF,Lyon,20,1996,17,17,1514,16.8,1,0,1,1,0,0,3,0,0.06,0.00,0.06,0.06,0.06,Matches,7e927fda
322,Vincent Manceau,fr FRA,DF,Angers,27,1989,33,32,2865,31.8,1,0,1,1,0,0,5,0,0.03,0.00,0.03,0.03,0.03,Matches,c26a3918
323,Christophe Mandanne,fr FRA,FW,Nancy,31,1985,20,9,932,10.4,1,1,2,1,0,0,2,0,0.10,0.10,0.19,0.10,0.19,Matches,45d08d38
324,Georges Mandjeck,cm CMR,MF,Metz,27,1988,29,27,2336,26.0,3,0,3,3,0,0,7,0,0.12,0.00,0.12,0.12,0.12,Matches,de343d38
325,Alexis Mané,sn SEN,MF,Guingamp,19,1997,4,0,41,0.5,0,0,0,0,0,0,0,0,0.00,0.00,0.00,0.00,0.00,Matches,31314ae2
326,Thomas Mangani,fr FRA,MF,Angers,29,1987,34,33,2844,31.6,3,6,9,1,2,2,3,0,0.09,0.19,0.28,0.03,0.22,Matches,c801616a
327,Faitout Maouassa,fr FRA,MFFW,Nancy,18,1998,14,13,1039,11.5,3,3,6,3,0,0,4,2,0.26,0.26,0.52,0.26,0.52,Matches,e54a9890
328,Mohamed Mara,gn GUI,MFFW,Lorient,19,1996,9,7,626,7.0,0,1,1,0,0,0,2,0,0.00,0.14,0.14,0.00,0.14,Matches,bb342ac0
329,Florian Marange,fr FRA,DF,Bastia,30,1986,19,16,1452,16.1,0,0,0,0,0,0,3,1,0.00,0.00,0.00,0.00,0.00,Matches,5e8628cc
330,Fernando Marçal,br BRA,DF,Guingamp,27,1989,31,31,2688,29.9,0,6,6,0,0,0,4,2,0.00,0.20,0.20,0.00,0.20,Matches,9ae9eaea
331,Vincent Marcel,fr FRA,FWMF,Nice,19,1997,6,3,230,2.6,0,0,0,0,0,0,0,0,0.00,0.00,0.00,0.00,0.00,Matches,51fa3fed
332,Vincent Marchetti,fr FRA,MF,Nancy,19,1997,17,10,977,10.9,0,1,1,0,0,0,3,0,0.00,0.09,0.09,0.00,0.09,Matches,740f00ac
333,Jordan Marié,fr FRA,MF,Dijon,24,1991,24,17,1437,16.0,1,1,2,1,0,0,4,2,0.06,0.06,0.13,0.06,0.13,Matches,0d2158d5
334,Marquinhos,br BRA,DF,Paris S-G,22,1994,29,27,2501,27.8,3,0,3,3,0,0,1,0,0.11,0.00,0.11,0.11,0.11,Matches,d5f2f82b
335,Marvin Martin,fr FRA,FWMF,Dijon,28,1988,12,4,499,5.5,0,1,1,0,0,0,0,0,0.00,0.18,0.18,0.00,0.18,Matches,f4319ee8
336,Pablo Martinez,fr FRA,DF,Angers,27,1989,9,6,622,6.9,0,0,0,0,0,0,4,0,0.00,0.00,0.00,0.00,0.00,Matches,1ad8cb67
337,Jonathan Martins Pereira,fr FRA,DF,Guingamp,30,1986,13,12,1010,11.2,0,0,0,0,0,0,4,2,0.00,0.00,0.00,0.00,0.00,Matches,b51242ef
338,Joris Marveaux,mq MTQ,MF,Montpellier,33,1982,8,4,366,4.1,0,0,0,0,0,0,0,0,0.00,0.00,0.00,0.00,0.00,Matches,df8795f4
339,Sylvain Marveaux,fr FRA,MFFW,Lorient,30,1986,24,24,1907,21.2,5,7,12,5,0,0,1,0,0.24,0.33,0.57,0.24,0.57,Matches,4ef705ab
340,Jean-Philippe Mateta,fr FRA,FW,Lyon,19,1997,2,1,86,1.0,0,0,0,0,0,0,0,0,0.00,0.00,0.00,0.00,0.00,Matches,50e6dc35
341,Boris Mathis,fr FRA,FW,Metz,18,1997,2,0,22,0.2,0,0,0,0,0,0,0,0,0.00,0.00,0.00,0.00,0.00,Matches,0b008fab
342,Blaise Matuidi,fr FRA,MF,Paris S-G,29,1987,34,26,2415,26.8,4,4,8,4,0,0,4,0,0.15,0.15,0.30,0.15,0.30,Matches,c0cddebe
343,Rio Mavuba,fr FRA,MF,Lille,32,1984,18,14,1117,12.4,0,0,0,0,0,0,4,1,0.00,0.00,0.00,0.00,0.00,Matches,48c16bf5
344,Maxwell,br BRA,DF,Paris S-G,34,1981,20,19,1713,19.0,0,6,6,0,0,0,0,0,0.00,0.32,0.32,0.00,0.32,Matches,6f08cece
345,Youssef Maziz,fr FRA,MF,Metz,18,1998,1,0,15,0.2,0,0,0,0,0,0,0,0,0.00,0.00,0.00,0.00,0.00,Matches,514270e8
346,Kylian Mbappé,fr FRA,FWMF,Monaco,17,1998,29,17,1498,16.6,15,7,22,15,0,0,2,0,0.90,0.42,1.32,0.90,1.32,Matches,42fd9c7f
347,Isaac Mbenza,be BEL,MF,Montpellier,20,1996,16,12,945,10.5,3,1,4,3,0,0,0,0,0.29,0.10,0.38,0.29,0.38,Matches,aa1a8c7e
348,Memphis,nl NED,MFFW,Lyon,22,1994,17,13,1188,13.2,5,6,11,5,0,0,1,0,0.38,0.45,0.83,0.38,0.83,Matches,8f696594
349,Pedro Mendes,pt POR,DF,Rennes,25,1990,19,19,1664,18.5,0,0,0,0,0,0,7,0,0.00,0.00,0.00,0.00,0.00,Matches,6690ef25
350,Ryan Mendes,cv CPV,MFFW,Lille,26,1990,7,2,236,2.6,0,0,0,0,0,0,0,0,0.00,0.00,0.00,0.00,0.00,Matches,ba6e01ab
351,Alexandre Mendy,gw GNB,FW,Guingamp,22,1994,22,5,814,9.0,3,0,3,3,0,0,2,0,0.33,0.00,0.33,0.33,0.33,Matches,e067808c
352,Benjamin Mendy,fr FRA,DF,Monaco,22,1994,25,24,2056,22.8,0,5,5,0,0,0,6,1,0.00,0.22,0.22,0.00,0.22,Matches,5271c8f1
353,Hamza Mendyl,ma MAR,DFMF,Lille,18,1997,1,0,12,0.1,0,0,0,0,0,0,0,0,0.00,0.00,0.00,0.00,0.00,Matches,f99fe221
354,Jérémy Ménez,fr FRA,FW,Bordeaux,29,1987,26,17,1472,16.4,3,3,6,3,0,1,4,1,0.18,0.18,0.37,0.18,0.37,Matches,41976af1
355,Walid Mesloub,dz ALG,MF,Lorient,30,1985,21,11,1181,13.1,0,1,1,0,0,0,2,1,0.00,0.08,0.08,0.00,0.08,Matches,6565c9ef
356,Thomas Meunier,be BEL,DF,Paris S-G,24,1991,22,18,1695,18.8,1,4,5,1,0,0,3,0,0.05,0.21,0.27,0.05,0.27,Matches,e162b013
357,Mexer,mz MOZ,DF,Rennes,27,1988,23,20,1817,20.2,1,1,2,1,0,0,3,0,0.05,0.05,0.10,0.05,0.10,Matches,ce492295
358,Mathieu Michel,fr FRA,GK,Angers,24,1991,23,23,2070,23.0,0,0,0,0,0,0,1,0,0.00,0.00,0.00,0.00,0.00,Matches,e39f8724
359,Clément Michelin,fr FRA,MFDF,Toulouse,19,1997,8,6,480,5.3,0,0,0,0,0,0,1,0,0.00,0.00,0.00,0.00,0.00,Matches,cb9ec45d
360,Guido Milán,ar ARG,DF,Metz,29,1987,22,18,1734,19.3,1,0,1,1,0,0,2,0,0.05,0.00,0.05,0.05,0.05,Matches,eb9f3f10
361,Wilfried Moimbé,fr FRA,MF,Nantes,27,1988,8,1,174,1.9,0,0,0,0,0,0,0,0,0.00,0.00,0.00,0.00,0.00,Matches,65c25d8f
362,Florent Mollet,fr FRA,MF,Metz,24,1991,25,9,892,9.9,0,1,1,0,0,0,4,0,0.00,0.10,0.10,0.00,0.10,Matches,7e82a78f
363,Cédric Mongongu,cd COD,DF,Montpellier,27,1989,3,0,29,0.3,0,0,0,0,0,0,0,0,0.00,0.00,0.00,0.00,0.00,Matches,13f4ca73
364,Kévin Monnet-Paquet,fr FRA,MFFW,Saint-Étienne,27,1988,34,27,2368,26.3,4,4,8,4,0,0,0,0,0.15,0.15,0.30,0.15,0.30,Matches,4a57580c
365,Steven Moreira,fr FRA,DF,Rennes,21,1994,1,1,90,1.0,0,0,0,0,0,0,0,0,0.00,0.00,0.00,0.00,0.00,Matches,f10983ae
366,Steven Moreira,fr FRA,DF,Lorient,21,1994,28,28,2514,27.9,0,2,2,0,0,0,6,0,0.00,0.07,0.07,0.00,0.07,Matches,f10983ae
367,Jérémy Morel,mg MAD,DF,Lyon,32,1984,29,29,2541,28.2,0,4,4,0,0,0,3,0,0.00,0.14,0.14,0.00,0.14,Matches,e97150c0
368,Mehdi Mostefa,dz ALG,MF,Bastia,32,1983,31,26,2339,26.0,0,1,1,0,0,0,9,0,0.00,0.04,0.04,0.00,0.04,Matches,b2a138bc
369,Thiago Motta,it ITA,MF,Paris S-G,33,1982,30,25,2228,24.8,0,1,1,0,0,0,7,1,0.00,0.04,0.04,0.00,0.04,Matches,57ef0d97
370,François Moubandje,ch SUI,DF,Toulouse,26,1990,34,34,3035,33.7,0,1,1,0,0,0,4,0,0.00,0.03,0.03,0.00,0.03,Matches,6ca88b2a
371,Benjamin Moukandjo,cm CMR,FWMF,Lorient,27,1988,25,24,1999,22.2,13,1,14,10,3,3,1,0,0.59,0.05,0.63,0.45,0.50,Matches,e0312377
372,Jessy Moulin,fr FRA,GK,Saint-Étienne,30,1986,6,6,460,5.1,0,0,0,0,0,0,0,1,0.00,0.00,0.00,0.00,0.00,Matches,28a65a2c
373,Steve Mounié,bj BEN,FW,Montpellier,21,1994,35,32,2825,31.4,14,2,16,14,0,0,5,2,0.45,0.06,0.51,0.45,0.51,Matches,19ba6c6d
374,Lucas Moura,br BRA,FWMF,Paris S-G,23,1992,37,29,2421,26.9,12,6,18,11,1,1,0,0,0.45,0.22,0.67,0.41,0.63,Matches,2b622f01
375,João Moutinho,pt POR,MF,Monaco,29,1986,31,19,1778,19.8,2,4,6,2,0,0,0,0,0.10,0.20,0.30,0.10,0.30,Matches,f5a00fa4
376,Ndombe Mubele,cd COD,MFFW,Rennes,22,1994,15,13,1163,12.9,3,0,3,3,0,0,0,0,0.23,0.00,0.23,0.23,0.23,Matches,176674ab
377,Nordi Mukiele,fr FRA,DF,Montpellier,18,1997,17,16,1440,16.0,0,0,0,0,0,0,2,0,0.00,0.00,0.00,0.00,0.00,Matches,ac73ec79
378,Vincent Muratori,fr FRA,DF,Nancy,28,1987,17,17,1399,15.5,0,0,0,0,0,0,5,1,0.00,0.00,0.00,0.00,0.00,Matches,66673812
379,Yrondu Musavu-King,ga GAB,DF,Toulouse,24,1992,3,3,270,3.0,0,0,0,0,0,0,0,0,0.00,0.00,0.00,0.00,0.00,Matches,c9cfd7e8
380,Arnold Mvuemba,cd COD,MF,Lorient,31,1985,32,31,2776,30.8,1,1,2,1,0,0,5,0,0.03,0.03,0.06,0.03,0.06,Matches,50fd977e
381,Mamadou N'Diaye,sn SEN,MF,Montpellier,21,1995,3,1,88,1.0,0,0,0,0,0,0,0,0,0.00,0.00,0.00,0.00,0.00,Matches,261d5529
382,Kévin N'Doram,fr FRA,MF,Monaco,20,1996,5,3,321,3.6,0,0,0,0,0,0,0,0,0.00,0.00,0.00,0.00,0.00,Matches,e50623a0
383,Cheikh N'Doye,sn SEN,MF,Angers,30,1986,33,32,2912,32.4,5,3,8,5,0,0,5,1,0.15,0.09,0.25,0.15,0.25,Matches,f1b2365a
384,Guy N'dy Assembé,cm CMR,GK,Nancy,30,1986,23,23,2043,22.7,0,0,0,0,0,0,0,0,0.00,0.00,0.00,0.00,0.00,Matches,b41e280e
385,Serge N'Guessan,ci CIV,MF,Nancy,22,1994,9,6,560,6.2,0,0,0,0,0,0,4,0,0.00,0.00,0.00,0.00,0.00,Matches,a2b08fb3
386,Clinton N'Jie,cm CMR,FWMF,Marseille,22,1993,22,11,1026,11.4,4,1,5,4,0,0,1,0,0.35,0.09,0.44,0.35,0.44,Matches,77f278a0
387,Mickael Nade,fr FRA,DF,Saint-Étienne,17,1999,1,1,90,1.0,0,0,0,0,0,0,0,0,0.00,0.00,0.00,0.00,0.00,Matches,a6b6fa6e
388,Préjuce Nakoulma,bf BFA,FWMF,Nantes,29,1987,11,10,814,9.0,6,1,7,6,0,0,3,0,0.66,0.11,0.77,0.66,0.77,Matches,8e87af42
389,Lenny Nangis,fr FRA,MFFW,Bastia,22,1994,30,12,1382,15.4,0,2,2,0,0,0,8,0,0.00,0.13,0.13,0.00,0.13,Matches,74f3f15e
390,Axel Ngando,fr FRA,MFFW,Bastia,23,1993,20,10,907,10.1,0,1,1,0,0,0,1,0,0.00,0.10,0.10,0.00,0.10,Matches,954b2503
391,Exaucé Ngassaki,cg CGO,FW,Caen,19,1997,1,0,3,0.0,0,0,0,0,0,0,0,0,0.00,0.00,0.00,0.00,0.00,Matches,4735310e
392,Opa Nguette,sn SEN,MFFW,Metz,22,1994,33,26,2219,24.7,2,2,4,2,0,0,4,0,0.08,0.08,0.16,0.08,0.16,Matches,75a63397
393,Casimir Ninga,td CHA,MFFW,Montpellier,23,1993,9,6,514,5.7,5,2,7,5,0,0,2,0,0.88,0.35,1.23,0.88,1.23,Matches,91f2da4c
394,Pavle Ninkov,rs SRB,DF,Toulouse,31,1985,9,0,196,2.2,0,0,0,0,0,0,2,0,0.00,0.00,0.00,0.00,0.00,Matches,01b63256
395,Nicolas Nkoulou,cm CMR,DF,Lyon,26,1990,13,13,1170,13.0,0,0,0,0,0,0,2,0,0.00,0.00,0.00,0.00,0.00,Matches,93cf32a8
396,Christopher Nkunku,fr FRA,MFFW,Paris S-G,18,1997,8,5,398,4.4,1,0,1,1,0,0,2,0,0.23,0.00,0.23,0.23,0.23,Matches,7c56da38
397,Arnaud Nordin,fr FRA,MFFW,Saint-Étienne,18,1998,15,5,608,6.8,2,0,2,2,0,0,1,0,0.30,0.00,0.30,0.30,0.30,Matches,7b9a9e25
398,Paul-Georges Ntep,cm CMR,MF,Rennes,24,1992,15,14,1123,12.5,2,5,7,2,0,0,1,0,0.16,0.40,0.56,0.16,0.56,Matches,81aeb1dd
399,Dickson Nwakaeme,ng NGA,FW,Angers,30,1986,6,0,92,1.0,0,0,0,0,0,0,1,0,0.00,0.00,0.00,0.00,0.00,Matches,75d77a75
400,Mounir Obbadi,ma MAR,MF,Nice,33,1983,6,3,304,3.4,0,0,0,0,0,0,2,0,0.00,0.00,0.00,0.00,0.00,Matches,bd504946
401,Mounir Obbadi,ma MAR,MF,Lille,33,1983,5,5,335,3.7,0,0,0,0,0,0,2,0,0.00,0.00,0.00,0.00,0.00,Matches,bd504946
402,David Oberhauser,fr FRA,GK,Metz,25,1990,1,1,90,1.0,0,0,0,0,0,0,0,0,0.00,0.00,0.00,0.00,0.00,Matches,34d3a32e
403,Sérgio Oliveira,pt POR,MF,Nantes,24,1992,6,0,114,1.3,0,0,0,0,0,0,1,0,0.00,0.00,0.00,0.00,0.00,Matches,947e036f
404,Prince Oniangué,cg CGO,MFFW,Bastia,27,1988,14,13,1115,12.4,3,0,3,3,0,0,2,0,0.24,0.00,0.24,0.24,0.24,Matches,9e27e5de
405,Adam Ounas,dz ALG,MFFW,Bordeaux,19,1996,26,11,1224,13.6,3,2,5,2,1,1,5,1,0.22,0.15,0.37,0.15,0.29,Matches,ed90babd
406,Vincent Pajot,fr FRA,MF,Saint-Étienne,25,1990,21,15,1364,15.2,3,0,3,3,0,0,2,0,0.20,0.00,0.20,0.20,0.20,Matches,f86ca403
407,Nicolas Pallois,fr FRA,DF,Bordeaux,28,1987,31,31,2790,31.0,2,1,3,2,0,0,9,3,0.06,0.03,0.10,0.06,0.10,Matches,779847d6
408,Julian Palmieri,fr FRA,DFMF,Lille,29,1986,22,16,1523,16.9,1,2,3,1,0,0,4,2,0.06,0.12,0.18,0.06,0.18,Matches,25444898
409,Felipe Pardo,co COL,MF,Nantes,25,1990,13,6,585,6.5,1,1,2,1,0,0,3,0,0.15,0.15,0.31,0.15,0.31,Matches,5f956fcf
410,Bryan Passi,cg CGO,DF,Montpellier,18,1997,3,1,145,1.6,0,0,0,0,0,0,1,0,0.00,0.00,0.00,0.00,0.00,Matches,ef4b7c60
411,Javier Pastore,ar ARG,MFFW,Paris S-G,27,1989,15,9,864,9.6,0,4,4,0,0,0,0,0,0.00,0.42,0.42,0.00,0.42,Matches,881ef58c
412,Mateo Pavlovi?,ba BIH,DFFW,Angers,26,1990,12,9,856,9.5,1,1,2,1,0,0,2,1,0.11,0.11,0.21,0.11,0.21,Matches,450e277f
413,Dimitri Payet,fr FRA,FW,Marseille,29,1987,15,14,1246,13.8,4,3,7,4,0,0,3,0,0.29,0.22,0.51,0.29,0.51,Matches,58ae47b2
414,Benoît Pedretti,fr FRA,MF,Nancy,35,1980,26,21,1870,20.8,1,2,3,1,0,0,7,1,0.05,0.10,0.14,0.05,0.14,Matches,c1c8eff9
415,Yohann Pelé,fr FRA,GK,Marseille,33,1982,38,38,3420,38.0,0,0,0,0,0,0,3,0,0.00,0.00,0.00,0.00,0.00,Matches,76806215
416,Théo Pellenard,fr FRA,DF,Bordeaux,22,1994,6,5,459,5.1,0,0,0,0,0,0,1,0,0.00,0.00,0.00,0.00,0.00,Matches,97fb4608
417,Nicolas Pépé,ci CIV,FW,Angers,21,1995,33,11,1321,14.7,3,1,4,3,0,0,2,0,0.20,0.07,0.27,0.20,0.27,Matches,57e3f0c7
418,Ricardo Pereira,pt POR,MFDF,Nice,22,1993,24,23,2055,22.8,2,4,6,2,0,0,2,0,0.09,0.18,0.26,0.09,0.26,Matches,75a72a99
419,Loïc Perrin,fr FRA,DF,Saint-Étienne,30,1985,27,26,2245,24.9,4,0,4,4,0,0,1,0,0.16,0.00,0.16,0.16,0.16,Matches,6b200d45
420,Denis Petri?,rs SRB,GK,Angers,28,1988,9,9,810,9.0,0,0,0,0,0,0,1,0,0.00,0.00,0.00,0.00,0.00,Matches,dab1b8dc
421,Mathieu Peybernes,fr FRA,DF,Bastia,25,1990,19,19,1640,18.2,0,0,0,0,0,0,0,0,0.00,0.00,0.00,0.00,0.00,Matches,34c872d2
422,Mathieu Peybernes,fr FRA,DF,Lorient,25,1990,18,18,1530,17.0,0,0,0,0,0,0,5,0,0.00,0.00,0.00,0.00,0.00,Matches,34c872d2
423,Romain Philippoteaux,fr FRA,MF,Lorient,28,1988,30,18,1557,17.3,2,1,3,2,0,0,3,0,0.12,0.06,0.17,0.12,0.17,Matches,f98b15f0
424,Chris Philipps,lu LUX,MFDF,Metz,22,1994,11,9,815,9.1,0,0,0,0,0,0,4,0,0.00,0.00,0.00,0.00,0.00,Matches,8e2d5426
425,Jessy Pi,fr FRA,MF,Toulouse,22,1993,15,3,428,4.8,0,0,0,0,0,0,1,0,0.00,0.00,0.00,0.00,0.00,Matches,7f1d26d9
426,Ronaël Pierre-Gabriel,fr FRA,DF,Saint-Étienne,18,1998,14,11,963,10.7,0,0,0,0,0,0,4,0,0.00,0.00,0.00,0.00,0.00,Matches,64ba07c0
427,Laurent Pionnier,fr FRA,GK,Montpellier,34,1982,25,25,2250,25.0,0,0,0,0,0,0,0,0,0.00,0.00,0.00,0.00,0.00,Matches,05856228
428,Jaroslav Plašil,cz CZE,MF,Bordeaux,34,1982,37,26,2400,26.7,1,4,5,1,0,0,2,0,0.04,0.15,0.19,0.04,0.19,Matches,516dc25b
429,Alassane Pléa,fr FRA,FW,Nice,23,1993,25,22,1840,20.4,11,2,13,10,1,2,1,0,0.54,0.10,0.64,0.49,0.59,Matches,bc6bd723
430,Morgan Poaty,cg CGO,DF,Montpellier,19,1997,3,1,51,0.6,0,0,0,0,0,0,0,1,0.00,0.00,0.00,0.00,0.00,Matches,7add56e1
431,Florentin Pogba,gn GUI,DF,Saint-Étienne,25,1990,17,16,1363,15.1,1,1,2,1,0,0,1,0,0.07,0.07,0.13,0.07,0.13,Matches,1e23a224
432,Lukáš Pokorný,cz CZE,DF,Montpellier,23,1993,13,12,1089,12.1,0,0,0,0,0,0,2,0,0.00,0.00,0.00,0.00,0.00,Matches,d831f06f
433,Pierre-Yves Polomat,fr FRA,DFMF,Saint-Étienne,22,1993,11,6,645,7.2,0,1,1,0,0,0,2,0,0.00,0.14,0.14,0.00,0.14,Matches,2ef637bd
434,Maxime Poundjé,fr FRA,DF,Bordeaux,23,1992,7,7,585,6.5,0,0,0,0,0,0,0,0,0.00,0.00,0.00,0.00,0.00,Matches,b92edde2
435,Sanjin Prci?,ba BIH,MF,Rennes,22,1993,25,22,1852,20.6,1,1,2,1,0,0,3,2,0.05,0.05,0.10,0.05,0.10,Matches,51c30111
436,Nicolas de Préville,fr FRA,MFFW,Lille,25,1991,30,23,2059,22.9,14,5,19,10,4,4,2,0,0.61,0.22,0.83,0.44,0.66,Matches,b0547a87
437,Jérôme Prior,fr FRA,GK,Bordeaux,20,1995,14,14,1260,14.0,0,0,0,0,0,0,0,0,0.00,0.00,0.00,0.00,0.00,Matches,1061c207
438,Sloan Privat,fr FRA,FW,Guingamp,27,1989,20,12,881,9.8,3,1,4,3,0,0,1,0,0.31,0.10,0.41,0.31,0.41,Matches,4df04a86
439,Loïc Puyo,fr FRA,FW,Nancy,27,1988,22,15,1433,15.9,2,0,2,2,0,0,3,0,0.13,0.00,0.13,0.13,0.13,Matches,bcb98316
440,Antoine Rabillard,fr FRA,FW,Marseille,20,1995,2,0,16,0.2,0,0,0,0,0,0,0,0,0.00,0.00,0.00,0.00,0.00,Matches,93c37339
441,Adrien Rabiot,fr FRA,MF,Paris S-G,21,1995,27,20,1935,21.5,3,2,5,3,0,0,2,0,0.14,0.09,0.23,0.14,0.23,Matches,8794e251
442,Rafael,br BRA,DFMF,Lyon,26,1990,27,25,2149,23.9,0,3,3,0,0,0,7,2,0.00,0.13,0.13,0.00,0.13,Matches,9a1f2e1c
443,Andrea Raggi,it ITA,DF,Monaco,32,1984,14,11,966,10.7,0,0,0,0,0,0,0,0,0.00,0.00,0.00,0.00,0.00,Matches,bd4f5f94
444,Florian Raspentino,fr FRA,FW,Bastia,27,1989,9,3,282,3.1,0,0,0,0,0,0,0,0,0.00,0.00,0.00,0.00,0.00,Matches,9448a3be
445,Karim Rekik,nl NED,DF,Marseille,21,1994,10,8,761,8.5,0,0,0,0,0,0,0,0,0.00,0.00,0.00,0.00,0.00,Matches,3376a776
446,William Rémy,fr FRA,DFMF,Montpellier,25,1991,15,8,946,10.5,0,1,1,0,0,0,1,1,0.00,0.10,0.10,0.00,0.10,Matches,40ff763c
447,Paul Reulet,fr FRA,GK,Caen,22,1994,3,2,197,2.2,0,0,0,0,0,0,0,0,0.00,0.00,0.00,0.00,0.00,Matches,5e643a62
448,Baptiste Reynet,fr FRA,GK,Dijon,25,1990,37,37,3330,37.0,0,0,0,0,0,0,1,0,0.00,0.00,0.00,0.00,0.00,Matches,bcf1b2e9
449,Rémy Riou,fr FRA,GK,Nantes,28,1987,22,22,1980,22.0,0,0,0,0,0,0,0,0,0.00,0.00,0.00,0.00,0.00,Matches,7f41ee30
450,Yohann Rivière,fr FRA,FW,Dijon,31,1984,14,1,152,1.7,1,0,1,1,0,0,2,0,0.59,0.00,0.59,0.59,0.59,Matches,e75a59ac
451,Jonathan Rivierez,mq MTQ,DF,Metz,27,1989,16,14,1252,13.9,0,1,1,0,0,0,3,0,0.00,0.07,0.07,0.00,0.07,Matches,7af0e1f8
452,Antony Robic,fr FRA,FWMF,Nancy,30,1986,24,13,1162,12.9,0,0,0,0,0,1,3,0,0.00,0.00,0.00,0.00,0.00,Matches,b3ac06d7
453,Kenny Rocha Santos,cv CPV,MF,Saint-Étienne,16,2000,3,1,61,0.7,0,0,0,0,0,0,0,0,0.00,0.00,0.00,0.00,0.00,Matches,86df8ac0
454,Ronny Rodelin,fr FRA,MFFW,Caen,26,1989,37,31,2955,32.8,9,3,12,8,1,1,4,0,0.27,0.09,0.37,0.24,0.34,Matches,1f8c7aa9
455,Diego Rolán,uy URU,FW,Bordeaux,23,1993,29,19,1763,19.6,9,0,9,9,0,1,3,1,0.46,0.00,0.46,0.46,0.46,Matches,d1491e00
456,Rolando,pt POR,DF,Marseille,30,1985,30,29,2618,29.1,4,0,4,4,0,0,2,0,0.14,0.00,0.14,0.14,0.14,Matches,0eeafda5
457,Valentin Rongier,fr FRA,MF,Nantes,21,1994,31,26,2162,24.0,2,2,4,2,0,0,1,0,0.08,0.08,0.17,0.08,0.17,Matches,ed45c4a5
458,Lindsay Rose,mu MRI,DF,Bastia,24,1992,9,7,690,7.7,0,0,0,0,0,0,1,0,0.00,0.00,0.00,0.00,0.00,Matches,6ee683f5
459,Lindsay Rose,mu MRI,DF,Lorient,24,1992,3,3,270,3.0,0,0,0,0,0,0,0,0,0.00,0.00,0.00,0.00,0.00,Matches,6ee683f5
460,Valentin Rosier,fr FRA,DF,Dijon,19,1996,3,3,270,3.0,0,0,0,0,0,0,0,0,0.00,0.00,0.00,0.00,0.00,Matches,9b6d9b53
461,Jérôme Roussillon,fr FRA,DF,Montpellier,23,1993,32,31,2740,30.4,1,2,3,1,0,0,3,0,0.03,0.07,0.10,0.03,0.10,Matches,13203c45
462,Nolan Roux,fr FRA,FW,Saint-Étienne,28,1988,21,12,1226,13.6,4,2,6,1,3,3,2,0,0.29,0.15,0.44,0.07,0.22,Matches,3071a619
463,Stéphane Ruffier,fr FRA,GK,Saint-Étienne,29,1986,31,31,2790,31.0,0,0,0,0,0,0,0,0,0.00,0.00,0.00,0.00,0.00,Matches,cac76a72
464,Vincent Rüfli,ch SUI,DFMF,Dijon,28,1988,19,17,1480,16.4,0,2,2,0,0,0,8,0,0.00,0.12,0.12,0.00,0.12,Matches,a87e9eb6
465,Maciej Rybus,pl POL,DFMF,Lyon,26,1989,19,14,1235,13.7,0,1,1,0,0,0,1,0,0.00,0.07,0.07,0.00,0.07,Matches,86dd16a8
466,Youssouf Sabaly,sn SEN,DF,Bordeaux,23,1993,30,30,2646,29.4,0,4,4,0,0,0,3,0,0.00,0.14,0.14,0.00,0.14,Matches,fbbb9269
467,Wesley Saïd,fr FRA,MFFW,Rennes,21,1995,25,9,1031,11.5,4,0,4,4,0,0,1,0,0.35,0.00,0.35,0.35,0.35,Matches,90fcf472
468,Jamel Saihi,tn TUN,MF,Montpellier,29,1987,2,0,61,0.7,0,0,0,0,0,0,0,0,0.00,0.00,0.00,0.00,0.00,Matches,5b29dd71
469,Jamel Saihi,tn TUN,MF,Angers,29,1987,5,3,235,2.6,0,0,0,0,0,0,0,0,0.00,0.00,0.00,0.00,0.00,Matches,5b29dd71
470,Dylan Saint-Louis,cg CGO,MF,Saint-Étienne,21,1995,1,1,83,0.9,1,0,1,1,0,0,0,0,1.08,0.00,1.08,1.08,1.08,Matches,94622837
471,Allan Saint-Maximin,fr FRA,MFFW,Bastia,19,1997,34,30,2696,30.0,3,3,6,3,0,0,1,1,0.10,0.10,0.20,0.10,0.20,Matches,2b16cb1a
472,Nicolas Saint-Ruf,gp GLP,DF,Montpellier,23,1992,7,7,620,6.9,0,0,0,0,0,0,0,0,0.00,0.00,0.00,0.00,0.00,Matches,35daab7a
473,Nicolas Saint-Ruf,gp GLP,DF,Bastia,23,1992,5,4,316,3.5,0,0,0,0,0,0,1,3,0.00,0.00,0.00,0.00,0.00,Matches,35daab7a
474,Henri Saivet,sn SEN,MF,Saint-Étienne,25,1990,27,21,1765,19.6,1,2,3,1,0,0,3,0,0.05,0.10,0.15,0.05,0.15,Matches,f3709655
475,Hiroki Sakai,jp JPN,DF,Marseille,26,1990,35,34,3012,33.5,0,2,2,0,0,0,6,0,0.00,0.06,0.06,0.00,0.06,Matches,d63e2912
476,Emiliano Sala,ar ARG,FW,Nantes,25,1990,34,29,2562,28.5,12,5,17,11,1,2,6,0,0.42,0.18,0.60,0.39,0.56,Matches,5d59e0df
477,Yannis Salibur,fr FRA,MFFW,Guingamp,25,1991,35,34,2809,31.2,8,4,12,7,1,1,2,0,0.26,0.13,0.38,0.22,0.35,Matches,bb4a42be
478,Romain Salin,fr FRA,GK,Guingamp,32,1984,1,1,90,1.0,0,0,0,0,0,0,0,0,0.00,0.00,0.00,0.00,0.00,Matches,74733221
479,Frédéric Sammaritano,fr FRA,MFFW,Dijon,30,1986,31,23,1965,21.8,4,4,8,3,1,2,3,0,0.18,0.18,0.37,0.14,0.32,Matches,8802c1d5
480,Pape Sané,sn SEN,FW,Caen,24,1991,13,3,341,3.8,1,0,1,1,0,0,0,0,0.26,0.00,0.26,0.26,0.26,Matches,6b144c63
481,Ibrahim Sangaré,ci CIV,MF,Toulouse,18,1997,5,3,262,2.9,0,0,0,0,0,0,1,0,0.00,0.00,0.00,0.00,0.00,Matches,bced0375
482,Younousse Sankharé,sn SEN,MF,Bordeaux,26,1989,16,15,1391,15.5,4,2,6,4,0,0,2,0,0.26,0.13,0.39,0.26,0.39,Matches,c650629d
483,Younousse Sankharé,sn SEN,MF,Lille,26,1989,21,17,1576,17.5,2,1,3,2,0,0,3,2,0.11,0.06,0.17,0.11,0.17,Matches,c650629d
484,Baissama Sankoh,gn GUI,MFDF,Guingamp,24,1992,17,11,1046,11.6,0,0,0,0,0,0,3,0,0.00,0.00,0.00,0.00,0.00,Matches,a8b4a643
485,Killian Sanson,fr FRA,MF,Montpellier,19,1997,1,0,15,0.2,0,0,0,0,0,0,0,0,0.00,0.00,0.00,0.00,0.00,Matches,063544f2
486,Morgan Sanson,fr FRA,MF,Montpellier,21,1994,20,20,1742,19.4,3,3,6,3,0,0,2,0,0.15,0.15,0.31,0.15,0.31,Matches,6e7f1353
487,Morgan Sanson,fr FRA,MF,Marseille,21,1994,17,15,1358,15.1,1,3,4,1,0,0,1,0,0.07,0.20,0.27,0.07,0.27,Matches,6e7f1353
488,Baptiste Santamaria,fr FRA,MF,Angers,21,1995,37,35,3070,34.1,0,0,0,0,0,0,2,0,0.00,0.00,0.00,0.00,0.00,Matches,5e22e2a4
489,Ivan Santini,hr CRO,FW,Caen,27,1989,34,34,2874,31.9,15,3,18,12,3,4,7,0,0.47,0.09,0.56,0.38,0.47,Matches,086d7db3
490,Bouna Sarr,sn SEN,MFFW,Marseille,24,1992,26,9,941,10.5,0,1,1,0,0,0,1,0,0.00,0.10,0.10,0.00,0.10,Matches,1a4b9094
491,Ismaila Sarr,sn SEN,MF,Metz,18,1998,31,20,1943,21.6,5,1,6,5,0,0,2,0,0.23,0.05,0.28,0.23,0.28,Matches,bfdb33aa
492,Malang Sarr,fr FRA,DF,Nice,17,1999,27,25,2207,24.5,1,1,2,1,0,0,4,0,0.04,0.04,0.08,0.04,0.08,Matches,4315f30d
493,Faïz Selemani,km COM,FWMF,Lorient,22,1993,3,0,67,0.7,0,0,0,0,0,0,2,0,0.00,0.00,0.00,0.00,0.00,Matches,c3e587ec
494,Ole Selnæs,no NOR,MF,Saint-Étienne,22,1994,26,23,2067,23.0,0,0,0,0,0,0,4,0,0.00,0.00,0.00,0.00,0.00,Matches,4db2157a
495,Jean Seri,ci CIV,MF,Nice,25,1991,34,34,2982,33.1,7,9,16,5,2,2,4,0,0.21,0.27,0.48,0.15,0.42,Matches,10efd0e1
496,Grégory Sertic,fr FRA,MFDF,Bordeaux,26,1989,17,15,1365,15.2,1,1,2,1,0,0,2,0,0.07,0.07,0.13,0.07,0.13,Matches,c4527123
497,Grégory Sertic,fr FRA,DFMF,Marseille,26,1989,8,7,654,7.3,0,0,0,0,0,0,0,0,0.00,0.00,0.00,0.00,0.00,Matches,c4527123
498,Stéphane Sessègnon,bj BEN,MF,Montpellier,32,1984,27,26,2314,25.7,2,2,4,2,0,0,4,2,0.08,0.08,0.16,0.08,0.16,Matches,35c5f9b1
499,Nicolas Seube,fr FRA,MF,Caen,36,1979,20,13,1031,11.5,0,0,0,0,0,0,3,0,0.00,0.00,0.00,0.00,0.00,Matches,a2b5da1e
500,Moussa Seydi,sn SEN,FW,Metz,19,1996,1,0,22,0.2,0,0,0,0,0,0,0,0,0.00,0.00,0.00,0.00,0.00,Matches,79d0b7f4
501,Djibril Sidibé,fr FRA,DF,Monaco,24,1992,29,26,2321,25.8,2,5,7,2,0,0,7,0,0.08,0.19,0.27,0.08,0.27,Matches,4c5b714f
502,Franck Signorino,fr FRA,DF,Metz,34,1981,17,17,1476,16.4,0,0,0,0,0,0,3,0,0.00,0.00,0.00,0.00,0.00,Matches,88f4ddd2
503,Kolbeinn Sigþórsson,is ISL,FW,Nantes,26,1990,2,2,155,1.7,0,0,0,0,0,0,0,0,0.00,0.00,0.00,0.00,0.00,Matches,adf825b9
504,Bernardo Silva,pt POR,MF,Monaco,21,1994,37,33,2782,30.9,8,8,16,8,0,0,3,0,0.26,0.26,0.52,0.26,0.52,Matches,3eb22ec9
505,Thiago Silva,br BRA,DF,Paris S-G,31,1984,27,27,2385,26.5,3,1,4,3,0,0,1,0,0.11,0.04,0.15,0.11,0.15,Matches,86e7deaf
506,Giovanni Sio,ci CIV,FW,Rennes,27,1989,34,32,2678,29.8,9,1,10,9,0,0,6,0,0.30,0.03,0.34,0.30,0.34,Matches,0fe7f7bc
507,Pantxi Sirieix,fr FRA,MF,Toulouse,35,1980,4,0,43,0.5,0,0,0,0,0,0,0,0,0.00,0.00,0.00,0.00,0.00,Matches,e6dd61a7
508,Ellyes Skhiri,tn TUN,MF,Montpellier,21,1995,37,37,3281,36.5,1,1,2,1,0,0,3,0,0.03,0.03,0.05,0.03,0.05,Matches,c2211709
509,Naïm Sliti,tn TUN,MFFW,Lille,24,1992,16,10,955,10.6,1,2,3,1,0,0,1,0,0.09,0.19,0.28,0.09,0.28,Matches,2e0367a6
510,Somália,br BRA,MFDF,Toulouse,27,1988,28,18,1812,20.1,0,1,1,0,0,0,2,1,0.00,0.05,0.05,0.00,0.05,Matches,c1febb46
511,Jérémy Sorbon,fr FRA,DF,Guingamp,32,1983,33,33,2945,32.7,1,0,1,1,0,0,1,0,0.03,0.00,0.03,0.03,0.03,Matches,7768df30
512,Adama Soumaoro,fr FRA,DF,Lille,24,1992,27,26,2326,25.8,0,0,0,0,0,0,1,1,0.00,0.00,0.00,0.00,0.00,Matches,7b075c75
513,Arnaud Souquet,fr FRA,DFMF,Nice,24,1992,26,26,2340,26.0,1,4,5,1,0,0,3,0,0.04,0.15,0.19,0.04,0.19,Matches,4e0afc5d
514,Sébastien Squillaci,fr FRA,DF,Bastia,35,1980,10,10,855,9.5,0,0,0,0,0,0,2,0,0.00,0.00,0.00,0.00,0.00,Matches,f7ec06db
515,Bassem Srarfi,tn TUN,FWMF,Nice,19,1997,5,0,41,0.5,0,0,0,0,0,0,0,0,0.00,0.00,0.00,0.00,0.00,Matches,84549a07
516,Mariusz St?pi?ski,pl POL,FW,Nantes,21,1995,21,16,1174,13.0,4,3,7,4,0,0,1,0,0.31,0.23,0.54,0.31,0.54,Matches,7b536033
517,Danijel Subaši?,hr CRO,GK,Monaco,31,1984,36,36,3240,36.0,0,0,0,0,0,0,1,0,0.00,0.00,0.00,0.00,0.00,Matches,f6db3bd5
518,Gilles Sunu,tg TOG,FW,Angers,25,1991,23,8,814,9.0,0,0,0,0,0,0,1,0,0.00,0.00,0.00,0.00,0.00,Matches,beff5d14
519,Stoppila Sunzu,zm ZAM,DF,Lille,27,1989,4,1,198,2.2,0,0,0,0,0,0,0,0,0.00,0.00,0.00,0.00,0.00,Matches,1bab7b66
520,Seydou Sy,sn SEN,GK,Monaco,20,1995,1,1,45,0.5,0,0,0,0,0,0,0,0,0.00,0.00,0.00,0.00,0.00,Matches,8417953b
521,Issiaga Sylla,gn GUI,MFDF,Toulouse,22,1994,27,21,1674,18.6,1,1,2,1,0,0,6,0,0.05,0.05,0.11,0.05,0.11,Matches,b99bec05
522,Yacouba Sylla,ml MLI,MF,Montpellier,25,1990,19,13,1076,12.0,1,0,1,1,0,0,4,0,0.08,0.00,0.08,0.08,0.08,Matches,f121f4b7
523,Alexander Søderlund,no NOR,FW,Saint-Étienne,28,1987,17,8,903,10.0,1,1,2,1,0,0,2,0,0.10,0.10,0.20,0.10,0.20,Matches,e61d33f1
524,Mehdi Tahrat,dz ALG,MF,Angers,26,1990,7,3,297,3.3,0,0,0,0,0,0,2,0,0.00,0.00,0.00,0.00,0.00,Matches,ec1aa15e
525,Flavien Tait,fr FRA,FWMF,Angers,23,1993,11,5,438,4.9,2,2,4,2,0,0,1,0,0.41,0.41,0.82,0.41,0.82,Matches,a0f9b535
526,Oussama Tannane,ma MAR,FWMF,Saint-Étienne,22,1994,17,14,1279,14.2,1,1,2,1,0,0,3,2,0.07,0.07,0.14,0.07,0.14,Matches,730bd100
527,Júlio Tavares,cv CPV,FW,Dijon,27,1988,35,31,2760,30.7,9,3,12,7,2,2,3,0,0.29,0.10,0.39,0.23,0.33,Matches,d520120b
528,Jordan Tell,gp GLP,FW,Caen,19,1997,5,0,61,0.7,0,0,0,0,0,0,0,0,0.00,0.00,0.00,0.00,0.00,Matches,4f093689
529,Martin Terrier,fr FRA,MF,Lille,19,1997,11,1,256,2.8,1,0,1,1,0,0,0,0,0.35,0.00,0.35,0.35,0.35,Matches,5148dcc5
530,Florian Thauvin,fr FRA,FWMF,Marseille,23,1993,38,36,2956,32.8,15,9,24,14,1,1,2,0,0.46,0.27,0.73,0.43,0.70,Matches,2b9fdeea
531,Alexis Thébaux,fr FRA,GK,Bastia,31,1985,1,1,90,1.0,0,0,0,0,0,0,0,0,0.00,0.00,0.00,0.00,0.00,Matches,e8abe105
532,Kévin Théophile-Catherine,fr FRA,DF,Saint-Étienne,26,1989,31,30,2730,30.3,0,2,2,0,0,0,3,0,0.00,0.07,0.07,0.00,0.07,Matches,6b994195
533,Vincent Thill,lu LUX,MF,Metz,16,2000,1,0,9,0.1,0,0,0,0,0,0,0,0,0.00,0.00,0.00,0.00,0.00,Matches,7de29631
534,Romain Thomas,fr FRA,DF,Angers,28,1988,36,36,3208,35.6,1,0,1,1,0,0,5,1,0.03,0.00,0.03,0.03,0.03,Matches,275e2c51
535,Adrien Thomasson,fr FRA,MF,Nantes,22,1993,29,21,1935,21.5,2,2,4,2,0,0,5,1,0.09,0.09,0.19,0.09,0.19,Matches,c76b7567
536,Nicolaj Thomsen,dk DEN,MFFW,Nantes,23,1993,13,9,744,8.3,1,0,1,1,0,0,1,0,0.12,0.00,0.12,0.12,0.12,Matches,e2bf2abc
537,Marcel Tisserand,cd COD,DF,Monaco,23,1993,1,1,90,1.0,0,0,0,0,0,0,1,0,0.00,0.00,0.00,0.00,0.00,Matches,45954ec7
538,Ola Toivonen,se SWE,MFFW,Toulouse,30,1986,35,19,1805,20.1,7,2,9,7,0,0,9,0,0.35,0.10,0.45,0.35,0.45,Matches,de4fe7a2
539,Karl Toko Ekambi,cm CMR,FW,Angers,23,1992,31,29,2428,27.0,7,4,11,7,0,0,0,0,0.26,0.15,0.41,0.26,0.41,Matches,5ceba7fc
540,Corentin Tolisso,fr FRA,MF,Lyon,21,1994,31,29,2573,28.6,8,5,13,8,0,0,1,1,0.28,0.17,0.45,0.28,0.45,Matches,652d4c37
541,Jérémy Toulalan,fr FRA,MF,Bordeaux,32,1983,30,30,2601,28.9,0,0,0,0,0,0,5,0,0.00,0.00,0.00,0.00,0.00,Matches,7adea561
542,Abdoulaye Touré,fr FRA,MF,Nantes,22,1994,12,3,377,4.2,0,0,0,0,0,0,1,0,0.00,0.00,0.00,0.00,0.00,Matches,ef7cd87a
543,Almamy Touré,ml MLI,DF,Monaco,20,1996,15,12,1084,12.0,0,4,4,0,0,0,0,0,0.00,0.33,0.33,0.00,0.33,Matches,c8c60119
544,Thomas Touré,ci CIV,MF,Bordeaux,22,1993,6,5,366,4.1,0,1,1,0,0,0,2,0,0.00,0.25,0.25,0.00,0.25,Matches,d72db2f5
545,Zargo Touré,sn SEN,DF,Lorient,26,1989,23,21,1885,20.9,1,0,1,1,0,0,5,1,0.05,0.00,0.05,0.05,0.05,Matches,a32d6732
546,Lucas Tousart,fr FRA,MF,Lyon,19,1997,22,17,1636,18.2,1,1,2,1,0,0,1,0,0.06,0.06,0.11,0.06,0.11,Matches,71ec39ef
547,Abdou Traoré,ml MLI,MF,Bordeaux,28,1988,6,0,97,1.1,0,0,0,0,0,0,0,0,0.00,0.00,0.00,0.00,0.00,Matches,bb1e9544
548,Adama Traoré,ml MLI,MF,Monaco,21,1995,5,4,279,3.1,2,0,2,2,0,0,1,0,0.65,0.00,0.65,0.65,0.65,Matches,1a6f2a66
549,Ismaël Traoré,ci CIV,DF,Angers,29,1986,32,32,2809,31.2,1,1,2,1,0,0,3,0,0.03,0.03,0.06,0.03,0.06,Matches,b666421b
550,Kevin Trapp,de GER,GK,Paris S-G,26,1990,24,24,2123,23.6,0,0,0,0,0,0,0,0,0.00,0.00,0.00,0.00,0.00,Matches,ce17b5eb
551,Óscar Trejo,ar ARG,MF,Toulouse,28,1988,29,27,2308,25.6,2,5,7,2,0,0,4,0,0.08,0.19,0.27,0.08,0.27,Matches,fc647b34
552,Matthieu Udol,fr FRA,DF,Metz,20,1996,3,3,270,3.0,0,0,0,0,0,0,0,0,0.00,0.00,0.00,0.00,0.00,Matches,cc41f558
553,Valentín Vada,ar ARG,MF,Bordeaux,20,1996,28,25,1879,20.9,6,2,8,4,2,2,4,0,0.29,0.10,0.38,0.19,0.29,Matches,dcf7cf44
554,William Vainqueur,fr FRA,MF,Marseille,27,1988,29,29,2545,28.3,0,1,1,0,0,0,6,0,0.00,0.04,0.04,0.00,0.04,Matches,92cd4bef
555,Mathieu Valbuena,fr FRA,MFFW,Lyon,31,1984,30,15,1558,17.3,8,5,13,8,0,0,6,0,0.46,0.29,0.75,0.46,0.75,Matches,7a4cea18
556,Anthony Vanden Borre,be BEL,DF,Montpellier,28,1987,10,9,794,8.8,0,0,0,0,0,0,2,0,0.00,0.00,0.00,0.00,0.00,Matches,6d31e0c1
557,Cédric Varrault,fr FRA,DF,Dijon,36,1980,32,32,2792,31.0,3,0,3,3,0,0,4,2,0.10,0.00,0.10,0.10,0.10,Matches,8cb8dc58
558,Rémy Vercoutre,fr FRA,GK,Caen,36,1980,34,34,3043,33.8,0,0,0,0,0,0,2,0,0.00,0.00,0.00,0.00,0.00,Matches,1d0900d4
559,Jordan Veretout,fr FRA,MF,Saint-Étienne,23,1993,35,34,2942,32.7,3,4,7,3,0,0,6,0,0.09,0.12,0.21,0.09,0.21,Matches,4a56052c
560,Marco Verratti,it ITA,MF,Paris S-G,23,1992,28,25,2148,23.9,3,5,8,3,0,0,6,0,0.13,0.21,0.34,0.13,0.34,Matches,1467af0d
561,Dušan Veškovac,rs SRB,DF,Toulouse,30,1986,1,1,90,1.0,0,0,0,0,0,0,0,0,0.00,0.00,0.00,0.00,0.00,Matches,bc070090
562,Thomas Vincensini,fr FRA,GK,Bastia,22,1993,3,3,270,3.0,0,0,0,0,0,0,0,0,0.00,0.00,0.00,0.00,0.00,Matches,249f9a4c
563,Thibaut Vion,fr FRA,FWMF,Metz,22,1993,13,6,532,5.9,2,1,3,2,0,0,2,0,0.34,0.17,0.51,0.34,0.51,Matches,a07cac95
564,Oswaldo Vizcarrondo,ve VEN,DF,Nantes,32,1984,20,14,1410,15.7,0,0,0,0,0,0,10,0,0.00,0.00,0.00,0.00,0.00,Matches,446aa6e1
565,Alhassan Wakaso,gh GHA,MF,Lorient,24,1992,13,8,683,7.6,0,0,0,0,0,0,2,0,0.00,0.00,0.00,0.00,0.00,Matches,41afd8cf
566,Anthony Walongwa,cd COD,DF,Nantes,22,1993,3,3,249,2.8,0,0,0,0,0,0,1,0,0.00,0.00,0.00,0.00,0.00,Matches,eb78322b
567,Rémi Walter,fr FRA,MF,Nice,21,1995,22,15,1411,15.7,0,1,1,0,0,0,0,0,0.00,0.06,0.06,0.00,0.06,Matches,0984c5d5
568,Yoane Wissa,cd COD,FWMF,Angers,19,1996,2,0,27,0.3,0,0,0,0,0,0,0,0,0.00,0.00,0.00,0.00,0.00,Matches,2500cef9
569,Xeka,pt POR,MF,Lille,21,1994,13,13,1115,12.4,1,2,3,1,0,0,2,0,0.08,0.16,0.24,0.08,0.24,Matches,f3600c02
570,Steeve Yago,bf BFA,DF,Toulouse,23,1992,22,21,1860,20.7,0,0,0,0,0,0,13,0,0.00,0.00,0.00,0.00,0.00,Matches,7f9111ea
571,Alaeddine Yahia,tn TUN,DF,Caen,34,1981,31,30,2546,28.3,1,0,1,1,0,0,7,0,0.04,0.00,0.04,0.04,0.04,Matches,7e84cc61
572,Mapou Yanga-Mbiwa,fr FRA,DF,Lyon,27,1989,25,24,2131,23.7,0,0,0,0,0,0,7,0,0.00,0.00,0.00,0.00,0.00,Matches,20573d10
573,Zaydou Youssouf,fr FRA,MF,Bordeaux,17,1999,2,1,69,0.8,0,0,0,0,0,0,0,0,0.00,0.00,0.00,0.00,0.00,Matches,e2f9bb5f
574,Andre-Frank Zambo Anguissa,cm CMR,MF,Marseille,20,1995,33,18,1969,21.9,0,1,1,0,0,0,3,0,0.00,0.05,0.05,0.00,0.05,Matches,6bb2c084
575,Mehdi Zeffane,dz ALG,MF,Rennes,24,1992,1,1,74,0.8,0,0,0,0,0,0,0,0,0.00,0.00,0.00,0.00,0.00,Matches,c8c02ac7
