Column1,Column2,Column3,Column4,Column5,Column6,Column7,Column8,Column9,Column10,Column11,Column12,Column13,Column14,Column15,Column16,Column17,Column18,Column19,Column20,Column21,Column22,Column23,Column24,Column25,Column26,Column27,Column28,Column29,Column30,Column31,Column32,Column33,Column34,Column35,Column36,Column37,Column38
,,,,,,,Playing Time,Playing Time,Playing Time,Playing Time,Performance,Performance,Performance,Performance,Performance,Performance,Performance,Performance,Expected,Expected,Expected,Expected,Progression,Progression,Progression,Per 90 Minutes,Per 90 Minutes,Per 90 Minutes,Per 90 Minutes,Per 90 Minutes,Per 90 Minutes,Per 90 Minutes,Per 90 Minutes,Per 90 Minutes,Per 90 Minutes,,-additional
Rk,Player,Nation,Pos,Squad,Age,Born,MP,Starts,Min,90s,Gls,Ast,G+A,G-PK,PK,PKatt,CrdY,CrdR,xG,npxG,xAG,npxG+xAG,PrgC,PrgP,PrgR,Gls,Ast,G+A,G-PK,G+A-PK,xG,xAG,xG+xAG,npxG,npxG+xAG,Matches,-9999
1,Patrick van Aanholt,nl NED,DF,Crystal Palace,26,1990,28,25,2184,24.3,5,1,6,5,0,0,7,0,3.1,3.1,2.1,5.2,46,92,86,0.21,0.04,0.25,0.21,0.25,0.13,0.09,0.21,0.13,0.21,Matches,5f09991f
2,Rolando Aarons,eng ENG,MFFW,Newcastle Utd,21,1995,4,1,139,1.5,0,0,0,0,0,0,0,0,0.1,0.1,0.0,0.1,7,3,4,0.00,0.00,0.00,0.00,0.00,0.04,0.00,0.04,0.04,0.04,Matches,c5942695
3,Tammy Abraham,eng ENG,FW,Swansea City,19,1997,31,15,1726,19.2,5,1,6,5,0,0,0,0,6.8,6.8,1.6,8.4,19,20,104,0.26,0.05,0.31,0.26,0.31,0.35,0.08,0.44,0.35,0.44,Matches,f586779e
4,Charlie Adam,sct SCO,MF,Stoke City,31,1985,11,5,411,4.6,0,0,0,0,0,1,2,1,1.6,0.9,1.2,2.1,6,30,9,0.00,0.00,0.00,0.00,0.00,0.36,0.27,0.63,0.19,0.46,Matches,aff418dc
5,Adrián,es ESP,GK,West Ham,30,1987,19,19,1710,19.0,0,0,0,0,0,0,2,0,0.0,0.0,0.0,0.0,0,0,0,0.00,0.00,0.00,0.00,0.00,0.00,0.00,0.00,0.00,0.00,Matches,f76e6b4e
6,Ibrahim Afellay,nl NED,MF,Stoke City,31,1986,6,1,166,1.8,0,0,0,0,0,0,1,0,0.0,0.0,0.0,0.0,0,4,1,0.00,0.00,0.00,0.00,0.00,0.00,0.00,0.00,0.00,0.00,Matches,9a8c6673
7,Benik Afobe,cd COD,FW,Bournemouth,24,1993,17,5,611,6.8,0,0,0,0,0,0,0,0,1.6,1.6,0.1,1.8,12,9,37,0.00,0.00,0.00,0.00,0.00,0.27,0.02,0.30,0.27,0.30,Matches,b63f4077
8,Sergio Agüero,ar ARG,FW,Manchester City,29,1988,25,22,1963,21.8,21,6,27,17,4,4,2,0,16.2,13.1,5.6,18.7,89,49,214,0.96,0.28,1.24,0.78,1.05,0.75,0.26,1.00,0.60,0.86,Matches,4d034881
9,Nathan Aké,nl NED,DF,Bournemouth,22,1995,38,37,3353,37.3,2,3,5,2,0,0,5,0,1.4,1.4,1.9,3.4,14,96,10,0.05,0.08,0.13,0.05,0.13,0.04,0.05,0.09,0.04,0.09,Matches,eaeca114
10,Marc Albrighton,eng ENG,MFFW,Leicester City,27,1989,34,30,2538,28.2,2,7,9,2,0,0,5,1,1.6,1.6,5.7,7.3,64,114,162,0.07,0.25,0.32,0.07,0.32,0.06,0.20,0.26,0.06,0.26,Matches,b827d5b3
11,Toby Alderweireld,be BEL,DF,Tottenham,28,1989,14,13,1178,13.1,0,0,0,0,0,0,3,0,0.4,0.4,0.1,0.5,12,109,5,0.00,0.00,0.00,0.00,0.00,0.03,0.01,0.04,0.03,0.04,Matches,f7d50789
12,Trent Alexander-Arnold,eng ENG,DF,Liverpool,18,1998,19,18,1573,17.5,1,1,2,1,0,0,3,0,1.0,1.0,2.6,3.6,39,94,126,0.06,0.06,0.11,0.06,0.11,0.05,0.15,0.21,0.05,0.21,Matches,cd1acf9d
13,Joe Allen,wls WAL,MF,Stoke City,27,1990,36,36,3139,34.9,2,6,8,2,0,0,8,0,1.8,1.8,2.8,4.6,37,165,89,0.06,0.17,0.23,0.06,0.23,0.05,0.08,0.13,0.05,0.13,Matches,9feb8f24
14,Dele Alli,eng ENG,MFFW,Tottenham,21,1996,36,34,2958,32.9,9,10,19,9,0,0,7,0,9.1,9.1,8.2,17.3,100,181,359,0.27,0.30,0.58,0.27,0.58,0.28,0.25,0.53,0.28,0.53,Matches,cea4ee8f
15,Marcos Alonso,es ESP,DFMF,Chelsea,26,1990,33,33,2855,31.7,7,2,9,7,0,0,6,0,4.1,4.1,2.8,7.0,78,103,261,0.22,0.06,0.28,0.22,0.28,0.13,0.09,0.22,0.13,0.22,Matches,f4290206
16,Daniel Amartey,gh GHA,DF,Leicester City,22,1994,8,6,487,5.4,0,0,0,0,0,0,1,2,0.0,0.0,0.0,0.0,5,14,4,0.00,0.00,0.00,0.00,0.00,0.00,0.00,0.00,0.00,0.00,Matches,1a4ef233
17,Ethan Ampadu,wls WAL,DF,Chelsea,16,2000,1,0,11,0.1,0,0,0,0,0,0,0,0,0.0,0.0,0.0,0.0,0,1,0,0.00,0.00,0.00,0.00,0.00,0.00,0.00,0.00,0.00,0.00,Matches,10b9fa99
18,Nordin Amrabat,ma MAR,FW,Watford,30,1987,3,3,198,2.2,0,0,0,0,0,0,0,0,0.1,0.1,0.1,0.2,3,7,22,0.00,0.00,0.00,0.00,0.00,0.02,0.06,0.09,0.02,0.09,Matches,7c2a398c
19,Michail Antonio,jm JAM,FWMF,West Ham,27,1990,21,16,1354,15.0,3,1,4,3,0,0,1,0,2.4,2.4,1.0,3.4,47,29,117,0.20,0.07,0.27,0.20,0.27,0.16,0.07,0.23,0.16,0.23,Matches,ac05f970
20,Scott Arfield,ca CAN,MFFW,Burnley,28,1988,18,15,1333,14.8,2,1,3,2,0,0,3,0,1.3,1.3,0.4,1.6,16,32,47,0.14,0.07,0.20,0.14,0.20,0.08,0.02,0.11,0.08,0.11,Matches,b1313ec4
21,Marko Arnautovi?,at AUT,FWMF,West Ham,28,1989,31,28,2313,25.7,11,6,17,11,0,0,5,1,8.6,8.6,4.3,13.0,76,52,232,0.43,0.23,0.66,0.43,0.66,0.34,0.17,0.50,0.34,0.50,Matches,00459419
22,Harry Arter,ie IRL,MF,Bournemouth,27,1989,13,11,960,10.7,1,0,1,1,0,0,4,0,0.3,0.3,0.2,0.5,14,68,8,0.09,0.00,0.09,0.09,0.09,0.03,0.02,0.05,0.03,0.05,Matches,2f4c5a52
23,Christian Atsu,gh GHA,FWMF,Newcastle Utd,25,1992,28,19,1784,19.8,2,2,4,2,0,0,1,0,4.0,4.0,2.6,6.7,70,47,125,0.10,0.10,0.20,0.10,0.20,0.20,0.13,0.34,0.20,0.34,Matches,8816329f
24,Pierre-Emerick Aubameyang,ga GAB,FW,Arsenal,28,1989,13,12,1057,11.7,10,4,14,9,1,2,0,0,8.4,6.8,1.1,8.0,31,9,85,0.85,0.34,1.19,0.77,1.11,0.71,0.10,0.81,0.58,0.68,Matches,d5dd5f1f
25,Serge Aurier,ci CIV,DF,Tottenham,24,1992,17,16,1429,15.9,2,2,4,2,0,0,2,2,0.8,0.8,2.6,3.4,32,67,152,0.13,0.13,0.25,0.13,0.25,0.05,0.16,0.21,0.05,0.21,Matches,5c2b4f07
26,Charlie Austin,eng ENG,FW,Southampton,28,1989,24,10,1037,11.5,7,0,7,6,1,1,2,0,7.1,6.3,0.8,7.1,5,18,67,0.61,0.00,0.61,0.52,0.52,0.62,0.07,0.68,0.55,0.61,Matches,8d228291
27,André Ayew,gh GHA,MFFW,West Ham,27,1989,18,9,895,9.9,3,2,5,3,0,1,2,0,3.3,2.5,0.3,2.9,18,18,43,0.30,0.20,0.50,0.30,0.50,0.33,0.03,0.37,0.25,0.29,Matches,5dbefa9d
28,André Ayew,gh GHA,MFFW,Swansea City,27,1989,12,10,950,10.6,0,2,2,0,0,0,3,0,1.9,1.9,1.3,3.2,16,24,53,0.00,0.19,0.19,0.00,0.19,0.18,0.13,0.30,0.18,0.30,Matches,5dbefa9d
29,Jordan Ayew,gh GHA,FWMF,Swansea City,25,1991,36,33,2852,31.7,7,2,9,6,1,1,2,1,7.3,6.5,2.0,8.5,76,50,232,0.22,0.06,0.28,0.19,0.25,0.23,0.06,0.29,0.20,0.27,Matches,da052c14
30,César Azpilicueta,es ESP,DF,Chelsea,27,1989,37,37,3330,37.0,2,6,8,2,0,0,1,0,1.3,1.3,4.8,6.1,61,240,81,0.05,0.16,0.22,0.05,0.22,0.03,0.13,0.16,0.03,0.16,Matches,53cad200
31,Eric Bailly,ci CIV,DF,Manchester Utd,23,1994,13,11,1001,11.1,1,0,1,1,0,0,2,0,1.1,1.1,0.2,1.3,3,26,0,0.09,0.00,0.09,0.09,0.09,0.10,0.01,0.11,0.10,0.11,Matches,a1232f4e
32,Leighton Baines,eng ENG,DF,Everton,32,1984,22,22,1909,21.2,2,3,5,0,2,2,1,0,2.1,0.5,1.9,2.5,31,84,61,0.09,0.14,0.24,0.00,0.14,0.10,0.09,0.19,0.02,0.12,Matches,b18095b6
33,Tiemoué Bakayoko,fr FRA,MF,Chelsea,22,1994,29,24,2126,23.6,2,2,4,2,0,0,4,2,3.2,3.2,1.2,4.4,39,123,57,0.08,0.08,0.17,0.08,0.17,0.13,0.05,0.18,0.13,0.18,Matches,59bf127b
34,Sam Baldock,eng ENG,FW,Brighton,28,1989,2,0,32,0.4,0,0,0,0,0,0,0,0,0.0,0.0,0.0,0.0,0,0,5,0.00,0.00,0.00,0.00,0.00,0.00,0.00,0.00,0.00,0.00,Matches,9d597f08
35,Beni Baningime,cd COD,MF,Everton,18,1998,8,1,198,2.2,0,0,0,0,0,0,1,0,0.0,0.0,0.0,0.0,1,11,3,0.00,0.00,0.00,0.00,0.00,0.00,0.00,0.00,0.00,0.00,Matches,ca9178af
36,Phil Bardsley,sct SCO,DF,Burnley,32,1985,13,13,1125,12.5,0,0,0,0,0,0,5,0,0.0,0.0,0.3,0.3,7,53,7,0.00,0.00,0.00,0.00,0.00,0.00,0.02,0.03,0.00,0.03,Matches,1ae30132
37,Ross Barkley,eng ENG,MF,Chelsea,23,1993,2,2,129,1.4,0,0,0,0,0,0,0,0,0.8,0.8,0.1,0.9,7,4,13,0.00,0.00,0.00,0.00,0.00,0.53,0.07,0.60,0.53,0.60,Matches,3a24769f
38,Ashley Barnes,eng ENG,FW,Burnley,27,1989,36,21,2165,24.1,9,0,9,9,0,0,10,0,6.7,6.7,1.6,8.3,17,34,127,0.37,0.00,0.37,0.37,0.37,0.28,0.07,0.34,0.28,0.34,Matches,2691c772
39,Harvey Barnes,eng ENG,MFFW,Leicester City,19,1997,3,0,10,0.1,0,0,0,0,0,0,0,0,0.1,0.1,0.0,0.1,0,2,2,0.00,0.00,0.00,0.00,0.00,0.64,0.00,0.64,0.64,0.64,Matches,3ea50f67
40,Gareth Barry,eng ENG,MF,West Brom,36,1981,25,22,1923,21.4,1,1,2,1,0,0,4,0,1.6,1.6,1.4,3.0,20,126,23,0.05,0.05,0.09,0.05,0.09,0.07,0.07,0.14,0.07,0.14,Matches,7dbbe367
41,Kyle Bartley,eng ENG,DF,Swansea City,26,1991,5,2,235,2.6,0,0,0,0,0,0,2,0,0.1,0.1,0.3,0.4,2,7,0,0.00,0.00,0.00,0.00,0.00,0.05,0.10,0.16,0.05,0.16,Matches,18e96f64
42,Michy Batshuayi,be BEL,FW,Chelsea,23,1993,12,3,360,4.0,2,1,3,2,0,0,0,0,1.1,1.1,0.1,1.2,9,8,32,0.50,0.25,0.75,0.50,0.75,0.28,0.02,0.30,0.28,0.30,Matches,2973d8ff
43,Moritz Bauer,at AUT,DFMF,Stoke City,25,1992,15,15,1306,14.5,0,0,0,0,0,0,4,0,0.2,0.2,0.9,1.1,25,19,45,0.00,0.00,0.00,0.00,0.00,0.01,0.06,0.08,0.01,0.08,Matches,cfe6238d
44,Jan Bednarek,pl POL,DF,Southampton,21,1996,5,5,426,4.7,1,0,1,1,0,0,1,0,0.2,0.2,0.0,0.2,0,14,0,0.21,0.00,0.21,0.21,0.21,0.03,0.00,0.03,0.03,0.03,Matches,4115ce4e
45,Asmir Begovi?,ba BIH,GK,Bournemouth,30,1987,38,38,3420,38.0,0,0,0,0,0,0,2,0,0.0,0.0,0.0,0.0,0,0,0,0.00,0.00,0.00,0.00,0.00,0.00,0.00,0.00,0.00,0.00,Matches,7b4de647
46,Héctor Bellerín,es ESP,DF,Arsenal,22,1995,35,34,3051,33.9,2,3,5,2,0,0,5,0,2.2,2.2,3.9,6.2,84,134,333,0.06,0.09,0.15,0.06,0.15,0.07,0.12,0.18,0.07,0.18,Matches,f874dd44
47,Yohan Benalouane,tn TUN,DF,Leicester City,30,1987,1,1,90,1.0,0,0,0,0,0,0,0,0,0.1,0.1,0.0,0.1,1,1,4,0.00,0.00,0.00,0.00,0.00,0.06,0.00,0.06,0.06,0.06,Matches,8309b068
48,Christian Benteke,be BEL,FW,Crystal Palace,26,1990,31,24,2240,24.9,3,5,8,2,1,2,6,0,10.2,8.6,2.9,11.5,18,42,133,0.12,0.20,0.32,0.08,0.28,0.41,0.12,0.53,0.34,0.46,Matches,ab070c55
49,Saido Berahino,bi BDI,FW,Stoke City,23,1993,15,3,494,5.5,0,1,1,0,0,1,0,0,2.0,1.2,0.6,1.8,6,9,30,0.00,0.18,0.18,0.00,0.18,0.37,0.11,0.47,0.22,0.33,Matches,25b166d0
50,Jóhann Berg Guðmundsson,is ISL,MF,Burnley,26,1990,35,32,2833,31.5,2,8,10,2,0,0,2,0,3.5,3.5,4.7,8.2,83,75,192,0.06,0.25,0.32,0.06,0.32,0.11,0.15,0.26,0.11,0.26,Matches,f72293fc
51,Ryan Bertrand,eng ENG,DF,Southampton,27,1989,35,35,3135,34.8,0,4,4,0,0,0,2,0,1.7,1.7,3.1,4.8,89,174,213,0.00,0.11,0.11,0.00,0.11,0.05,0.09,0.14,0.05,0.14,Matches,01226327
52,Muhamed Beši?,ba BIH,MF,Everton,24,1992,2,0,46,0.5,0,0,0,0,0,0,0,0,0.0,0.0,0.0,0.0,0,2,0,0.00,0.00,0.00,0.00,0.00,0.00,0.09,0.09,0.00,0.09,Matches,7ca9f0f0
53,Philip Billing,dk DEN,MF,Huddersfield,21,1996,16,8,764,8.5,0,0,0,0,0,0,3,0,0.2,0.2,0.5,0.7,12,26,13,0.00,0.00,0.00,0.00,0.00,0.02,0.05,0.08,0.02,0.08,Matches,d328a254
54,Mame Biram Diouf,sn SEN,FWDF,Stoke City,29,1987,35,30,2596,28.8,6,2,8,6,0,0,6,0,6.5,6.5,1.9,8.4,38,43,172,0.21,0.07,0.28,0.21,0.28,0.22,0.07,0.29,0.22,0.29,Matches,7f4f3e49
55,Daley Blind,nl NED,DFMF,Manchester Utd,27,1990,7,4,362,4.0,0,0,0,0,0,0,0,0,0.1,0.1,0.2,0.3,9,23,22,0.00,0.00,0.00,0.00,0.00,0.02,0.05,0.07,0.02,0.07,Matches,691bef82
56,Jeremie Boga,ci CIV,MF,Chelsea,20,1997,1,1,17,0.2,0,0,0,0,0,0,0,0,0.0,0.0,0.0,0.0,0,0,1,0.00,0.00,0.00,0.00,0.00,0.00,0.00,0.00,0.00,0.00,Matches,fe012aca
57,Yannick Bolasie,cd COD,FW,Everton,28,1989,16,11,851,9.5,1,0,1,1,0,0,0,0,1.5,1.5,0.7,2.3,39,20,52,0.11,0.00,0.11,0.11,0.11,0.16,0.08,0.24,0.16,0.24,Matches,715fc0fe
58,Gaëtan Bong,cm CMR,DF,Brighton,29,1988,25,25,2236,24.8,0,0,0,0,0,0,2,0,0.1,0.1,0.5,0.6,50,85,32,0.00,0.00,0.00,0.00,0.00,0.00,0.02,0.02,0.00,0.02,Matches,cfd5e123
59,Wilfried Bony,ci CIV,FW,Swansea City,28,1988,15,8,707,7.9,2,0,2,2,0,0,2,0,1.6,1.6,0.2,1.8,7,11,41,0.25,0.00,0.25,0.25,0.25,0.20,0.03,0.23,0.20,0.23,Matches,61abe9b6
60,Sofiane Boufal,ma MAR,FWMF,Southampton,23,1993,26,11,1219,13.5,2,2,4,2,0,0,1,0,1.7,1.7,1.8,3.4,78,76,114,0.15,0.15,0.30,0.15,0.30,0.12,0.13,0.25,0.12,0.25,Matches,b0c71810
61,Robbie Brady,ie IRL,MF,Burnley,25,1992,15,15,1277,14.2,1,2,3,1,0,0,3,0,1.2,1.2,2.1,3.3,32,54,67,0.07,0.14,0.21,0.07,0.21,0.08,0.15,0.23,0.08,0.23,Matches,96bb8cc2
62,Claudio Bravo,cl CHI,GK,Manchester City,34,1983,3,2,226,2.5,0,0,0,0,0,0,0,0,0.0,0.0,0.0,0.0,0,0,0,0.00,0.00,0.00,0.00,0.00,0.00,0.00,0.00,0.00,0.00,Matches,10072610
63,Miguel Britos,uy URU,DF,Watford,32,1985,12,10,797,8.9,1,0,1,1,0,0,3,1,0.8,0.8,0.4,1.2,5,43,4,0.11,0.00,0.11,0.11,0.11,0.09,0.05,0.14,0.09,0.14,Matches,356a9a62
64,Leon Britton,eng ENG,MF,Swansea City,34,1982,5,4,302,3.4,0,0,0,0,0,0,1,0,0.0,0.0,0.0,0.0,1,11,0,0.00,0.00,0.00,0.00,0.00,0.00,0.00,0.00,0.00,0.00,Matches,b92dd711
65,Izzy Brown,eng ENG,MFFW,Brighton,20,1997,13,4,311,3.5,0,0,0,0,0,0,0,0,0.1,0.1,0.8,0.9,9,9,22,0.00,0.00,0.00,0.00,0.00,0.02,0.24,0.26,0.02,0.26,Matches,bf54c8cc
66,Bruno,es ESP,DF,Brighton,36,1980,25,23,2016,22.4,0,0,0,0,0,0,3,0,0.1,0.1,0.6,0.7,20,78,55,0.00,0.00,0.00,0.00,0.00,0.00,0.03,0.03,0.00,0.03,Matches,78803d03
67,Chris Brunt,nir NIR,MFDF,West Brom,32,1984,26,22,1920,21.3,0,7,7,0,0,0,5,0,1.8,1.8,4.3,6.1,24,100,37,0.00,0.33,0.33,0.00,0.33,0.09,0.20,0.29,0.09,0.29,Matches,ec7e6ad1
68,Oliver Burke,sct SCO,FWMF,West Brom,20,1997,15,2,367,4.1,0,2,2,0,0,0,0,0,0.5,0.5,0.5,1.0,12,6,37,0.00,0.49,0.49,0.00,0.49,0.12,0.13,0.25,0.12,0.25,Matches,f631c17f
69,Jack Butland,eng ENG,GK,Stoke City,24,1993,35,35,3150,35.0,0,0,0,0,0,0,0,0,0.0,0.0,0.0,0.0,0,0,0,0.00,0.00,0.00,0.00,0.00,0.00,0.00,0.00,0.00,0.00,Matches,cc70a1d5
70,Sam Byram,eng ENG,DFMF,West Ham,23,1993,5,2,248,2.8,0,0,0,0,0,0,1,0,0.3,0.3,0.1,0.4,5,14,10,0.00,0.00,0.00,0.00,0.00,0.11,0.04,0.15,0.11,0.15,Matches,1bf811d4
71,Willy Caballero,ar ARG,GK,Chelsea,35,1981,3,3,270,3.0,0,0,0,0,0,0,0,0,0.0,0.0,0.0,0.0,0,0,0,0.00,0.00,0.00,0.00,0.00,0.00,0.00,0.00,0.00,0.00,Matches,a179d516
72,Yohan Cabaye,fr FRA,MF,Crystal Palace,31,1986,31,28,2376,26.4,0,1,1,0,0,0,7,0,2.3,2.3,4.1,6.4,13,138,37,0.00,0.04,0.04,0.00,0.04,0.09,0.15,0.24,0.09,0.24,Matches,ad7b19ef
73,Gary Cahill,eng ENG,DF,Chelsea,31,1985,27,24,2086,23.2,0,0,0,0,0,0,1,1,0.5,0.5,0.1,0.6,17,69,8,0.00,0.00,0.00,0.00,0.00,0.02,0.00,0.02,0.02,0.02,Matches,7914b9fe
74,Dominic Calvert-Lewin,eng ENG,FW,Everton,20,1997,32,18,1882,20.9,4,6,10,4,0,0,4,0,4.9,4.8,2.6,7.4,42,27,125,0.19,0.29,0.48,0.19,0.48,0.23,0.12,0.36,0.23,0.36,Matches,59e6e5bf
75,Geoff Cameron,us USA,DFMF,Stoke City,32,1985,20,17,1525,16.9,0,0,0,0,0,0,2,0,0.3,0.3,0.1,0.5,9,48,15,0.00,0.00,0.00,0.00,0.00,0.02,0.01,0.03,0.02,0.03,Matches,1a160ea3
76,Tyrese Campbell,eng ENG,FW,Stoke City,17,1999,4,0,79,0.9,0,0,0,0,0,0,0,0,0.2,0.2,0.0,0.2,1,4,4,0.00,0.00,0.00,0.00,0.00,0.24,0.00,0.24,0.24,0.24,Matches,38aefb74
77,Emre Can,de GER,MF,Liverpool,23,1994,26,24,2091,23.2,3,4,7,3,0,0,8,0,1.8,1.8,3.0,4.8,84,137,48,0.13,0.17,0.30,0.13,0.30,0.08,0.13,0.21,0.08,0.21,Matches,a65ce836
78,Étienne Capoue,fr FRA,MF,Watford,29,1988,23,18,1542,17.1,1,0,1,1,0,0,3,0,0.8,0.8,0.6,1.4,8,74,22,0.06,0.00,0.06,0.06,0.06,0.05,0.03,0.08,0.05,0.08,Matches,5acc4a10
79,Michael Carrick,eng ENG,MF,Manchester Utd,36,1981,2,1,109,1.2,0,0,0,0,0,0,0,0,0.5,0.5,0.1,0.6,0,15,1,0.00,0.00,0.00,0.00,0.00,0.43,0.05,0.48,0.43,0.48,Matches,ab7263c1
80,André Carrillo,pe PER,FWMF,Watford,26,1991,28,16,1540,17.1,1,2,3,1,0,0,2,0,2.3,2.3,2.8,5.1,71,72,97,0.06,0.12,0.18,0.06,0.18,0.14,0.16,0.30,0.14,0.30,Matches,7527558b
81,Guido Carrillo,ar ARG,FW,Southampton,26,1991,7,5,450,5.0,0,1,1,0,0,0,0,0,0.7,0.7,0.4,1.0,3,8,32,0.00,0.20,0.20,0.00,0.20,0.13,0.08,0.21,0.13,0.21,Matches,8f898ba8
82,Andy Carroll,eng ENG,FW,West Ham,28,1989,16,7,751,8.3,3,0,3,3,0,0,6,2,1.8,1.8,0.5,2.4,6,11,42,0.36,0.00,0.36,0.36,0.36,0.22,0.06,0.28,0.22,0.28,Matches,b581987a
83,Tom Carroll,eng ENG,MF,Swansea City,25,1992,37,28,2570,28.6,0,4,4,0,0,0,3,0,0.9,0.9,4.1,5.0,54,179,57,0.00,0.14,0.14,0.00,0.14,0.03,0.14,0.18,0.03,0.18,Matches,5a1900a4
84,Craig Cathcart,nir NIR,DF,Watford,28,1989,7,5,523,5.8,0,0,0,0,0,0,1,0,0.1,0.1,0.0,0.1,2,11,0,0.00,0.00,0.00,0.00,0.00,0.02,0.00,0.02,0.02,0.02,Matches,89e4b358
85,Petr ?ech,cz CZE,GK,Arsenal,35,1982,34,34,3039,33.8,0,0,0,0,0,0,1,0,0.0,0.0,0.0,0.0,0,1,0,0.00,0.00,0.00,0.00,0.00,0.00,0.00,0.00,0.00,0.00,Matches,71672fa0
86,Nacer Chadli,be BEL,FWMF,West Brom,27,1989,5,2,260,2.9,1,0,1,1,0,0,1,0,0.2,0.2,0.1,0.3,4,7,8,0.35,0.00,0.35,0.35,0.35,0.08,0.04,0.11,0.08,0.11,Matches,5b54bf3b
87,Nathaniel Chalobah,eng ENG,MF,Watford,22,1994,6,5,447,5.0,0,0,0,0,0,0,1,0,0.8,0.8,0.0,0.9,7,22,14,0.00,0.00,0.00,0.00,0.00,0.17,0.01,0.18,0.17,0.18,Matches,422862ea
88,Calum Chambers,eng ENG,DF,Arsenal,22,1995,12,10,866,9.6,0,0,0,0,0,0,1,0,1.4,1.4,0.1,1.5,11,43,20,0.00,0.00,0.00,0.00,0.00,0.15,0.01,0.16,0.15,0.16,Matches,dc6f5bdd
89,Ben Chilwell,eng ENG,DF,Leicester City,20,1996,24,20,1853,20.6,0,2,2,0,0,0,2,2,0.2,0.2,2.4,2.6,85,78,121,0.00,0.10,0.10,0.00,0.10,0.01,0.12,0.13,0.01,0.13,Matches,d2424d1b
90,Hamza Choudhury,eng ENG,MFDF,Leicester City,19,1997,8,4,378,4.2,0,1,1,0,0,0,1,0,0.0,0.0,0.4,0.4,2,16,1,0.00,0.24,0.24,0.00,0.24,0.01,0.09,0.10,0.01,0.10,Matches,7d2d3329
91,Andreas Christensen,dk DEN,DF,Chelsea,21,1996,27,23,2086,23.2,0,0,0,0,0,0,0,0,0.9,0.9,0.1,1.0,22,76,2,0.00,0.00,0.00,0.00,0.00,0.04,0.00,0.04,0.04,0.04,Matches,1cb49278
92,Lee Chung-yong,kr KOR,FWMF,Crystal Palace,29,1988,7,1,135,1.5,0,0,0,0,0,0,0,0,0.0,0.0,0.1,0.1,4,2,16,0.00,0.00,0.00,0.00,0.00,0.02,0.05,0.07,0.02,0.07,Matches,49b05a83
93,Ciaran Clark,ie IRL,DF,Newcastle Utd,27,1989,20,19,1746,19.4,2,1,3,2,0,0,3,0,1.7,1.7,0.7,2.5,12,29,3,0.10,0.05,0.15,0.10,0.15,0.09,0.04,0.13,0.09,0.13,Matches,2b91cf8e
94,Tom Cleverley,eng ENG,MF,Watford,27,1989,23,22,1902,21.1,1,2,3,1,0,1,2,2,1.9,1.1,1.6,2.7,31,136,66,0.05,0.09,0.14,0.05,0.14,0.09,0.08,0.17,0.05,0.13,Matches,6cdd8245
95,Sam Clucas,eng ENG,MF,Swansea City,26,1990,29,23,2044,22.7,3,1,4,3,0,0,2,0,2.6,2.6,1.3,3.8,24,61,68,0.13,0.04,0.18,0.13,0.18,0.11,0.06,0.17,0.11,0.17,Matches,987718f5
96,Nathaniel Clyne,eng ENG,DFFW,Liverpool,26,1991,3,2,174,1.9,0,0,0,0,0,0,1,0,0.1,0.1,0.1,0.2,5,5,29,0.00,0.00,0.00,0.00,0.00,0.07,0.04,0.10,0.07,0.10,Matches,0442183b
97,Séamus Coleman,ie IRL,DF,Everton,28,1988,12,12,1035,11.5,0,1,1,0,0,0,0,0,1.0,1.0,0.7,1.7,34,44,44,0.00,0.09,0.09,0.00,0.09,0.09,0.06,0.15,0.09,0.15,Matches,0420d84f
98,James Collins,wls WAL,DF,West Ham,33,1983,13,12,1050,11.7,1,0,1,1,0,0,3,0,0.3,0.3,0.2,0.5,5,24,1,0.09,0.00,0.09,0.09,0.09,0.03,0.02,0.05,0.03,0.05,Matches,c61f1719
99,Lewis Cook,eng ENG,MF,Bournemouth,20,1997,29,25,2237,24.9,0,2,2,0,0,0,5,0,0.5,0.5,1.6,2.0,52,173,30,0.00,0.08,0.08,0.00,0.08,0.02,0.06,0.08,0.02,0.08,Matches,2afc7272
100,Steve Cook,eng ENG,DF,Bournemouth,26,1991,34,31,2767,30.7,2,1,3,2,0,0,5,0,1.6,1.6,1.0,2.6,15,83,9,0.07,0.03,0.10,0.07,0.10,0.05,0.03,0.08,0.05,0.08,Matches,3e5e4e63
101,Francis Coquelin,fr FRA,MFDF,Arsenal,26,1991,7,1,169,1.9,0,0,0,0,0,0,0,0,0.1,0.1,0.6,0.7,1,11,1,0.00,0.00,0.00,0.00,0.00,0.03,0.35,0.38,0.03,0.38,Matches,a6951bf8
102,Jack Cork,eng ENG,MF,Burnley,28,1989,38,38,3420,38.0,2,1,3,2,0,0,7,0,2.2,2.2,1.1,3.3,39,165,41,0.05,0.03,0.08,0.05,0.08,0.06,0.03,0.09,0.06,0.09,Matches,74e12f1e
103,Thibaut Courtois,be BEL,GK,Chelsea,25,1992,35,35,3150,35.0,0,0,0,0,0,0,2,0,0.0,0.0,0.0,0.0,0,0,0,0.00,0.00,0.00,0.00,0.00,0.00,0.00,0.00,0.00,0.00,Matches,1840e36d
104,Philippe Coutinho,br BRA,MFFW,Liverpool,25,1992,14,13,1109,12.3,7,6,13,7,0,0,0,0,3.5,3.5,4.7,8.2,69,145,94,0.57,0.49,1.06,0.57,1.06,0.28,0.38,0.67,0.28,0.67,Matches,0ef89a37
105,Martin Cranie,eng ENG,DF,Huddersfield,30,1986,3,2,180,2.0,0,0,0,0,0,0,0,0,0.0,0.0,0.0,0.0,0,1,0,0.00,0.00,0.00,0.00,0.00,0.00,0.00,0.00,0.00,0.00,Matches,9e53837d
106,Aaron Cresswell,eng ENG,DF,West Ham,27,1989,36,35,3069,34.1,1,3,4,1,0,0,7,0,0.8,0.8,3.2,3.9,35,128,62,0.03,0.09,0.12,0.03,0.12,0.02,0.09,0.12,0.02,0.12,Matches,4f974391
107,Peter Crouch,eng ENG,FW,Stoke City,36,1981,31,14,1567,17.4,5,2,7,5,0,0,4,0,4.2,4.2,2.8,7.0,9,41,85,0.29,0.11,0.40,0.29,0.40,0.24,0.16,0.40,0.24,0.40,Matches,73d9bdc7
108,Josh Cullen,ie IRL,MF,West Ham,21,1996,2,0,8,0.1,0,0,0,0,0,0,0,0,0.0,0.0,0.0,0.0,0,0,0,0.00,0.00,0.00,0.00,0.00,0.00,0.00,0.00,0.00,0.00,Matches,f6d7d690
109,Charlie Daniels,eng ENG,DFMF,Bournemouth,30,1986,35,34,3002,33.4,1,3,4,1,0,0,0,0,0.6,0.6,2.2,2.8,104,155,165,0.03,0.09,0.12,0.03,0.12,0.02,0.06,0.08,0.02,0.08,Matches,9d107085
110,Danilo,br BRA,DF,Manchester City,26,1991,23,13,1349,15.0,3,2,5,3,0,0,2,0,1.1,1.1,0.2,1.3,40,89,74,0.20,0.13,0.33,0.20,0.33,0.07,0.01,0.09,0.07,0.09,Matches,94b2001f
111,Scott Dann,eng ENG,DF,Crystal Palace,30,1987,17,16,1435,15.9,1,0,1,1,0,0,4,0,2.3,2.3,0.2,2.5,7,42,3,0.06,0.00,0.06,0.06,0.06,0.14,0.01,0.16,0.14,0.16,Matches,52105203
112,Karl Darlow,eng ENG,GK,Newcastle Utd,26,1990,10,10,900,10.0,0,0,0,0,0,0,0,0,0.0,0.0,0.0,0.0,0,0,0,0.00,0.00,0.00,0.00,0.00,0.00,0.00,0.00,0.00,0.00,Matches,cde3309f
113,Matteo Darmian,it ITA,DF,Manchester Utd,27,1989,8,5,444,4.9,0,0,0,0,0,0,0,0,0.0,0.0,0.0,0.1,7,16,10,0.00,0.00,0.00,0.00,0.00,0.01,0.01,0.01,0.01,0.01,Matches,96e0490d
114,Ben Davies,wls WAL,DF,Tottenham,24,1993,29,26,2324,25.8,2,6,8,2,0,0,3,0,1.1,1.1,3.2,4.3,73,165,178,0.08,0.23,0.31,0.08,0.31,0.04,0.12,0.16,0.04,0.16,Matches,44781702
115,Tom Davies,eng ENG,MF,Everton,19,1998,33,20,1900,21.1,2,1,3,2,0,0,7,0,1.5,1.5,0.6,2.1,36,62,70,0.09,0.05,0.14,0.09,0.14,0.07,0.03,0.10,0.07,0.10,Matches,9228b07c
116,Steven Davis,nir NIR,MF,Southampton,32,1985,23,17,1521,16.9,3,0,3,3,0,0,0,0,0.9,0.9,1.1,2.0,23,129,56,0.18,0.00,0.18,0.18,0.18,0.05,0.07,0.12,0.05,0.12,Matches,cf15bbb1
117,Craig Dawson,eng ENG,DF,West Brom,27,1990,28,28,2510,27.9,2,0,2,2,0,0,6,0,2.3,2.3,1.2,3.5,18,83,20,0.07,0.00,0.07,0.07,0.07,0.08,0.04,0.13,0.08,0.13,Matches,3e9e06cb
118,Kevin De Bruyne,be BEL,MF,Manchester City,26,1991,37,36,3073,34.1,8,16,24,8,0,0,2,0,5.1,5.1,11.1,16.2,183,388,259,0.23,0.47,0.70,0.23,0.70,0.15,0.32,0.48,0.15,0.48,Matches,e46012d4
119,Troy Deeney,eng ENG,FW,Watford,29,1988,29,20,1844,20.5,5,2,7,2,3,5,1,1,6.9,2.8,2.8,5.7,3,71,126,0.24,0.10,0.34,0.10,0.20,0.33,0.14,0.47,0.14,0.28,Matches,82e34b69
120,Jermain Defoe,eng ENG,FW,Bournemouth,34,1982,24,11,1088,12.1,4,1,5,4,0,0,1,0,3.5,3.5,1.1,4.6,9,10,59,0.33,0.08,0.41,0.33,0.41,0.29,0.09,0.38,0.29,0.38,Matches,f1e8372d
121,Steven Defour,be BEL,MF,Burnley,29,1988,24,24,1997,22.2,1,1,2,1,0,0,6,0,0.8,0.8,1.1,1.9,38,117,30,0.05,0.05,0.09,0.05,0.09,0.03,0.05,0.09,0.03,0.09,Matches,73489527
122,Damien Delaney,ie IRL,DF,Crystal Palace,36,1981,2,1,96,1.1,0,0,0,0,0,0,0,0,0.0,0.0,0.0,0.0,0,0,0,0.00,0.00,0.00,0.00,0.00,0.00,0.00,0.00,0.00,0.00,Matches,210d9ecb
123,Fabian Delph,eng ENG,DF,Manchester City,27,1989,22,21,1741,19.3,1,2,3,1,0,0,2,0,0.3,0.3,1.2,1.5,53,132,63,0.05,0.10,0.16,0.05,0.16,0.01,0.06,0.08,0.01,0.08,Matches,111c3236
124,Mousa Dembélé,be BEL,MF,Tottenham,30,1987,28,21,1879,20.9,0,0,0,0,0,0,6,0,0.4,0.4,0.7,1.1,66,211,26,0.00,0.00,0.00,0.00,0.00,0.02,0.03,0.05,0.02,0.05,Matches,f7ee69fb
125,Laurent Depoitre,be BEL,FW,Huddersfield,28,1988,33,18,1820,20.2,6,1,7,6,0,0,1,0,3.7,3.7,1.4,5.1,11,21,89,0.30,0.05,0.35,0.30,0.35,0.18,0.07,0.25,0.18,0.25,Matches,aa5859cb
126,Mike van der Hoorn,nl NED,DF,Swansea City,24,1992,24,24,1944,21.6,1,0,1,1,0,0,4,0,1.0,1.0,0.6,1.6,8,41,5,0.05,0.00,0.05,0.05,0.05,0.05,0.03,0.07,0.05,0.07,Matches,25f50295
127,Gerard Deulofeu,es ESP,FWMF,Watford,23,1994,7,5,435,4.8,1,0,1,1,0,0,0,0,0.5,0.5,0.6,1.1,23,13,32,0.21,0.00,0.21,0.21,0.21,0.11,0.13,0.24,0.11,0.24,Matches,39583cfd
128,Fousseni Diabaté,ml MLI,MFFW,Leicester City,21,1995,14,5,587,6.5,0,1,1,0,0,0,1,0,0.5,0.5,0.3,0.9,26,18,56,0.00,0.15,0.15,0.00,0.15,0.08,0.05,0.13,0.08,0.13,Matches,d07e3b41
129,Mohamed Diamé,sn SEN,MF,Newcastle Utd,30,1987,31,23,2041,22.7,2,0,2,2,0,0,3,0,1.4,1.4,0.7,2.1,25,81,22,0.09,0.00,0.09,0.09,0.09,0.06,0.03,0.09,0.06,0.09,Matches,b7d082af
130,Brahim Díaz,es ESP,FWDF,Manchester City,17,1999,5,0,55,0.6,0,0,0,0,0,0,0,0,0.5,0.5,0.0,0.5,3,0,15,0.00,0.00,0.00,0.00,0.00,0.79,0.00,0.79,0.79,0.79,Matches,407feb71
131,Eric Dier,eng ENG,MFDF,Tottenham,23,1994,34,32,2824,31.4,0,2,2,0,0,0,4,0,2.0,2.0,1.7,3.7,35,213,29,0.00,0.06,0.06,0.00,0.06,0.06,0.05,0.12,0.06,0.12,Matches,ac861941
132,Abdoulaye Doucouré,ml MLI,MF,Watford,24,1993,37,37,3324,36.9,7,3,10,7,0,0,10,0,3.5,3.5,2.3,5.9,73,222,79,0.19,0.08,0.27,0.19,0.27,0.10,0.06,0.16,0.10,0.16,Matches,02b29014
133,Aleksandar Dragovi?,at AUT,DF,Leicester City,26,1991,11,7,769,8.5,0,0,0,0,0,0,2,0,0.1,0.1,0.0,0.1,4,27,1,0.00,0.00,0.00,0.00,0.00,0.01,0.00,0.01,0.01,0.01,Matches,6fd8a334
134,Danny Drinkwater,eng ENG,MF,Chelsea,27,1990,12,5,527,5.9,1,0,1,1,0,0,0,0,0.2,0.2,0.3,0.5,3,32,28,0.17,0.00,0.17,0.17,0.17,0.03,0.05,0.08,0.03,0.08,Matches,2649ff32
135,Martin Dúbravka,sk SVK,GK,Newcastle Utd,28,1989,12,12,1080,12.0,0,0,0,0,0,0,0,0,0.0,0.0,0.0,0.0,0,0,0,0.00,0.00,0.00,0.00,0.00,0.00,0.00,0.00,0.00,0.00,Matches,3a949a25
136,Shane Duffy,ie IRL,DF,Brighton,25,1992,37,37,3292,36.6,0,1,1,0,0,0,8,0,2.3,2.3,1.1,3.4,8,39,10,0.00,0.03,0.03,0.00,0.03,0.06,0.03,0.09,0.06,0.09,Matches,7314bba4
137,Paul Dummett,wls WAL,DF,Newcastle Utd,25,1991,20,19,1602,17.8,0,0,0,0,0,0,1,0,0.3,0.3,0.3,0.6,8,57,17,0.00,0.00,0.00,0.00,0.00,0.01,0.02,0.03,0.01,0.03,Matches,3fe6bd8c
138,Lewis Dunk,eng ENG,DF,Brighton,25,1991,38,38,3420,38.0,1,1,2,1,0,0,7,0,2.7,2.7,1.2,3.9,25,54,5,0.03,0.03,0.05,0.03,0.05,0.07,0.03,0.10,0.07,0.10,Matches,282f75f3
139,Nathan Dyer,eng ENG,MFFW,Swansea City,29,1987,24,16,1307,14.5,0,0,0,0,0,0,2,0,0.9,0.9,0.8,1.7,53,34,119,0.00,0.00,0.00,0.00,0.00,0.06,0.05,0.12,0.06,0.12,Matches,6dfd5af0
140,Ederson,br BRA,GK,Manchester City,23,1993,36,36,3194,35.5,0,0,0,0,0,0,1,0,0.0,0.0,0.1,0.1,0,0,0,0.00,0.00,0.00,0.00,0.00,0.00,0.00,0.00,0.00,0.00,Matches,3bb7b8b4
141,Tom Edwards,eng ENG,DFMF,Stoke City,18,1999,6,6,481,5.3,0,0,0,0,0,0,0,0,0.0,0.0,0.4,0.4,8,11,4,0.00,0.00,0.00,0.00,0.00,0.00,0.07,0.07,0.00,0.07,Matches,1b780599
142,Rob Elliot,ie IRL,GK,Newcastle Utd,31,1986,16,16,1440,16.0,0,0,0,0,0,0,0,0,0.0,0.0,0.0,0.0,0,0,0,0.00,0.00,0.00,0.00,0.00,0.00,0.00,0.00,0.00,0.00,Matches,b1b25949
143,Mohamed Elneny,eg EGY,MF,Arsenal,25,1992,13,11,867,9.6,0,1,1,0,0,0,3,1,0.3,0.3,0.9,1.2,13,74,21,0.00,0.10,0.10,0.00,0.10,0.03,0.10,0.13,0.03,0.13,Matches,47a34c4f
144,Christian Eriksen,dk DEN,MFFW,Tottenham,25,1992,37,37,3218,35.8,10,10,20,10,0,0,0,0,7.0,7.0,11.6,18.6,83,333,237,0.28,0.28,0.56,0.28,0.56,0.20,0.32,0.52,0.20,0.52,Matches,980522ec
145,Jonny Evans,nir NIR,DF,West Brom,29,1988,28,26,2270,25.2,2,2,4,2,0,0,7,0,2.1,2.1,0.9,3.0,21,56,9,0.08,0.08,0.16,0.08,0.16,0.08,0.03,0.12,0.08,0.12,Matches,f8fcd2a5
146,Patrice Evra,fr FRA,DFMF,West Ham,36,1981,5,3,228,2.5,0,0,0,0,0,0,0,0,0.0,0.0,0.0,0.0,4,7,4,0.00,0.00,0.00,0.00,0.00,0.00,0.00,0.00,0.00,0.00,Matches,51a3caf1
147,?ukasz Fabia?ski,pl POL,GK,Swansea City,32,1985,38,38,3420,38.0,0,0,0,0,0,0,0,0,0.0,0.0,0.0,0.0,0,0,0,0.00,0.00,0.00,0.00,0.00,0.00,0.00,0.00,0.00,0.00,Matches,9328b835
148,Cesc Fàbregas,es ESP,MF,Chelsea,30,1987,32,25,2307,25.6,2,4,6,2,0,0,5,2,2.4,2.4,6.8,9.2,55,348,135,0.08,0.16,0.23,0.08,0.23,0.09,0.26,0.36,0.09,0.36,Matches,33508c78
149,Marouane Fellaini,be BEL,MF,Manchester Utd,29,1987,16,5,683,7.6,4,0,4,4,0,0,1,0,3.5,3.5,0.2,3.7,5,19,11,0.53,0.00,0.53,0.53,0.53,0.51,0.03,0.54,0.51,0.54,Matches,87575fd9
150,Kiko Femenía,es ESP,DFFW,Watford,26,1991,23,19,1713,19.0,1,1,2,1,0,0,2,0,0.4,0.4,1.8,2.1,54,72,103,0.05,0.05,0.11,0.05,0.11,0.02,0.09,0.11,0.02,0.11,Matches,e5d01ecf
151,Leroy Fer,nl NED,MF,Swansea City,27,1990,20,15,1397,15.5,1,1,2,1,0,0,5,0,1.6,1.6,1.0,2.7,22,66,23,0.06,0.06,0.13,0.06,0.13,0.11,0.07,0.17,0.11,0.17,Matches,3cefa66a
152,Edimilson Fernandes,ch SUI,MFDF,West Ham,21,1996,14,9,845,9.4,0,1,1,0,0,0,1,0,0.3,0.3,0.3,0.6,12,20,28,0.00,0.11,0.11,0.00,0.11,0.03,0.03,0.07,0.03,0.07,Matches,3bb625ac
153,Federico Fernández,ar ARG,DF,Swansea City,28,1989,30,30,2676,29.7,1,1,2,1,0,0,5,0,0.7,0.7,0.7,1.4,5,72,8,0.03,0.03,0.07,0.03,0.07,0.02,0.02,0.05,0.02,0.05,Matches,f25b010f
154,Fernandinho,br BRA,MF,Manchester City,32,1985,34,33,2881,32.0,5,3,8,5,0,0,7,0,2.1,2.1,2.8,4.9,80,320,38,0.16,0.09,0.25,0.16,0.25,0.06,0.09,0.15,0.06,0.15,Matches,101da2b5
155,Sam Field,eng ENG,MF,West Brom,19,1998,10,7,537,6.0,1,0,1,1,0,0,3,0,0.5,0.5,0.2,0.8,4,32,14,0.17,0.00,0.17,0.17,0.17,0.09,0.04,0.13,0.09,0.13,Matches,bd8a7d05
156,Roberto Firmino,br BRA,FW,Liverpool,25,1991,37,32,2763,30.7,15,7,22,14,1,1,1,0,10.7,9.9,6.5,16.4,91,136,305,0.49,0.23,0.72,0.46,0.68,0.35,0.21,0.56,0.32,0.53,Matches,4c370d81
157,Darren Fletcher,sct SCO,MF,Stoke City,33,1984,27,25,2219,24.7,1,1,2,1,0,0,0,0,0.4,0.4,1.6,1.9,16,100,20,0.04,0.04,0.08,0.04,0.08,0.01,0.06,0.08,0.01,0.08,Matches,184e4970
158,Phil Foden,eng ENG,MFFW,Manchester City,17,2000,5,0,49,0.5,0,1,1,0,0,0,0,0,0.0,0.0,0.3,0.3,6,0,3,0.00,1.84,1.84,0.00,1.84,0.00,0.61,0.61,0.00,0.61,Matches,ed1e53f3
159,José Fonte,pt POR,DF,West Ham,33,1983,8,8,688,7.6,0,1,1,0,0,0,0,0,0.6,0.6,0.3,0.9,10,34,3,0.00,0.13,0.13,0.00,0.13,0.08,0.04,0.12,0.08,0.12,Matches,90f87966
160,Fraser Forster,eng ENG,GK,Southampton,29,1988,20,20,1800,20.0,0,0,0,0,0,0,0,0,0.0,0.0,0.0,0.0,0,0,0,0.00,0.00,0.00,0.00,0.00,0.00,0.00,0.00,0.00,0.00,Matches,c3e39f12
161,Ben Foster,eng ENG,GK,West Brom,34,1983,37,37,3330,37.0,0,0,0,0,0,0,2,0,0.0,0.0,0.1,0.1,0,1,0,0.00,0.00,0.00,0.00,0.00,0.00,0.00,0.00,0.00,0.00,Matches,d0b3ceb9
162,Timothy Fosu-Mensah,nl NED,DF,Crystal Palace,19,1998,21,17,1596,17.7,0,0,0,0,0,0,2,0,0.2,0.2,0.3,0.6,25,56,31,0.00,0.00,0.00,0.00,0.00,0.01,0.02,0.03,0.01,0.03,Matches,a9142dc3
163,Simon Francis,eng ENG,DF,Bournemouth,32,1985,32,31,2705,30.1,0,1,1,0,0,0,9,2,0.6,0.6,1.5,2.1,33,119,90,0.00,0.03,0.03,0.00,0.03,0.02,0.05,0.07,0.02,0.07,Matches,1e0b6a73
164,Ryan Fraser,sct SCO,MFDF,Bournemouth,23,1994,26,23,2004,22.3,5,3,8,5,0,0,0,0,1.8,1.8,3.3,5.1,74,99,168,0.22,0.13,0.36,0.22,0.36,0.08,0.15,0.23,0.08,0.23,Matches,d56543a0
165,Christian Fuchs,at AUT,DF,Leicester City,31,1986,25,21,1921,21.3,0,1,1,0,0,0,1,0,0.5,0.5,1.2,1.7,28,85,56,0.00,0.05,0.05,0.00,0.05,0.03,0.05,0.08,0.03,0.08,Matches,a67a09fb
166,Jay Fulton,sct SCO,MF,Swansea City,23,1994,2,0,19,0.2,0,0,0,0,0,0,1,0,0.0,0.0,0.0,0.0,0,0,0,0.00,0.00,0.00,0.00,0.00,0.00,0.00,0.00,0.00,0.00,Matches,434ad289
167,Ramiro Funes Mori,ar ARG,DF,Everton,26,1991,4,1,121,1.3,0,0,0,0,0,0,1,0,0.0,0.0,0.0,0.0,2,2,1,0.00,0.00,0.00,0.00,0.00,0.03,0.00,0.03,0.03,0.03,Matches,89cbc961
168,Manolo Gabbiadini,it ITA,FW,Southampton,25,1991,28,11,1081,12.0,5,0,5,4,1,1,2,0,2.5,1.7,0.5,2.2,12,12,58,0.42,0.00,0.42,0.33,0.33,0.21,0.04,0.25,0.14,0.18,Matches,8f866fe8
169,Jesús Gámez,es ESP,DF,Newcastle Utd,32,1985,2,1,98,1.1,0,0,0,0,0,0,0,0,0.1,0.1,0.2,0.2,2,10,3,0.00,0.00,0.00,0.00,0.00,0.05,0.15,0.20,0.05,0.20,Matches,bd1d1cbb
170,Idrissa Gana Gueye,sn SEN,MF,Everton,27,1989,33,32,2751,30.6,2,1,3,2,0,0,7,2,1.5,1.5,0.8,2.4,26,128,27,0.07,0.03,0.10,0.07,0.10,0.05,0.03,0.08,0.05,0.08,Matches,72c812f3
171,Dwight Gayle,eng ENG,FW,Newcastle Utd,26,1990,35,23,1958,21.8,6,3,9,6,0,0,3,0,8.3,8.3,2.0,10.4,23,24,115,0.28,0.14,0.41,0.28,0.41,0.38,0.09,0.48,0.38,0.48,Matches,e58a03c6
172,Paulo Gazzaniga,ar ARG,GK,Tottenham,25,1992,1,1,90,1.0,0,0,0,0,0,0,0,0,0.0,0.0,0.0,0.0,0,0,0,0.00,0.00,0.00,0.00,0.00,0.00,0.00,0.00,0.00,0.00,Matches,63d17038
173,David de Gea,es ESP,GK,Manchester Utd,26,1990,37,37,3330,37.0,0,0,0,0,0,0,0,0,0.0,0.0,0.0,0.0,0,0,0,0.00,0.00,0.00,0.00,0.00,0.00,0.00,0.00,0.00,0.00,Matches,7ba6d84e
174,Kieran Gibbs,eng ENG,DF,West Brom,27,1989,33,32,2827,31.4,0,1,1,0,0,0,3,0,0.4,0.4,1.8,2.2,59,97,89,0.00,0.03,0.03,0.00,0.03,0.01,0.06,0.07,0.01,0.07,Matches,46ee5234
175,Olivier Giroud,fr FRA,FW,Arsenal,30,1986,16,1,388,4.3,4,1,5,4,0,0,0,0,3.3,3.3,0.9,4.2,3,5,39,0.93,0.23,1.16,0.93,1.16,0.76,0.22,0.98,0.76,0.98,Matches,16ceb862
176,Olivier Giroud,fr FRA,FW,Chelsea,30,1986,13,6,613,6.8,3,1,4,3,0,0,0,0,3.6,3.6,2.0,5.6,7,21,61,0.44,0.15,0.59,0.44,0.59,0.53,0.30,0.83,0.53,0.83,Matches,16ceb862
177,Connor Goldson,eng ENG,DF,Brighton,24,1992,3,2,200,2.2,0,0,0,0,0,0,1,0,0.2,0.2,0.0,0.2,1,3,0,0.00,0.00,0.00,0.00,0.00,0.10,0.00,0.10,0.10,0.10,Matches,56f6f826
178,Heurelho Gomes,br BRA,GK,Watford,36,1981,24,24,2128,23.6,0,0,0,0,0,0,0,0,0.0,0.0,0.0,0.0,0,0,0,0.00,0.00,0.00,0.00,0.00,0.00,0.00,0.00,0.00,0.00,Matches,d596e193
179,Joe Gomez,eng ENG,DF,Liverpool,20,1997,23,21,1902,21.1,0,2,2,0,0,0,3,0,0.3,0.3,1.5,1.7,54,154,65,0.00,0.09,0.09,0.00,0.09,0.01,0.07,0.08,0.01,0.08,Matches,7a11550b
180,Dan Gosling,eng ENG,MF,Bournemouth,27,1990,28,21,1947,21.6,2,1,3,2,0,0,8,0,2.1,2.1,0.9,3.0,18,134,25,0.09,0.05,0.14,0.09,0.14,0.10,0.04,0.14,0.10,0.14,Matches,7fec31a0
181,Lee Grant,eng ENG,GK,Stoke City,34,1983,3,3,270,3.0,0,0,0,0,0,0,0,0,0.0,0.0,0.0,0.0,0,0,0,0.00,0.00,0.00,0.00,0.00,0.00,0.00,0.00,0.00,0.00,Matches,9dab6e3b
182,Andre Gray,jm JAM,FW,Watford,26,1991,31,16,1498,16.6,5,2,7,5,0,0,1,0,6.7,6.7,2.1,8.8,18,17,133,0.30,0.12,0.42,0.30,0.42,0.40,0.13,0.53,0.40,0.53,Matches,c24dba2a
183,Demarai Gray,eng ENG,MFFW,Leicester City,21,1996,35,17,1697,18.9,3,1,4,3,0,0,2,0,2.5,2.5,3.4,5.9,80,37,126,0.16,0.05,0.21,0.16,0.21,0.13,0.18,0.31,0.13,0.31,Matches,4468ec10
184,Pascal Groß,de GER,FWMF,Brighton,26,1991,38,35,2928,32.5,7,8,15,6,1,1,2,0,3.3,2.5,8.3,10.8,54,153,241,0.22,0.25,0.46,0.18,0.43,0.10,0.25,0.36,0.08,0.33,Matches,8aec0537
185,Marko Gruji?,rs SRB,MFDF,Liverpool,21,1996,3,0,16,0.2,0,0,0,0,0,0,0,0,0.0,0.0,0.0,0.0,0,1,0,0.00,0.00,0.00,0.00,0.00,0.00,0.15,0.15,0.00,0.15,Matches,8b8e759d
186,?lkay Gündo?an,de GER,MF,Manchester City,26,1990,30,15,1517,16.9,4,1,5,3,1,1,3,0,3.0,2.3,1.7,4.0,61,154,83,0.24,0.06,0.30,0.18,0.24,0.18,0.10,0.28,0.13,0.24,Matches,819b3158
187,Florent Hadergjonaj,xk KVX,DFMF,Huddersfield,23,1994,23,19,1674,18.6,0,1,1,0,0,0,3,0,0.3,0.3,1.5,1.7,40,62,111,0.00,0.05,0.05,0.00,0.05,0.01,0.08,0.09,0.01,0.09,Matches,9aa186b2
188,Massadio Haïdara,ml MLI,FW,Newcastle Utd,24,1992,1,0,4,0.0,0,0,0,0,0,0,0,0,0.0,0.0,0.0,0.0,0,0,0,0.00,0.00,0.00,0.00,0.00,0.00,0.00,0.00,0.00,0.00,Matches,5167c97e
189,Ben Hamer,eng ENG,GK,Leicester City,29,1987,4,3,275,3.1,0,0,0,0,0,0,0,0,0.0,0.0,0.0,0.0,0,0,0,0.00,0.00,0.00,0.00,0.00,0.00,0.00,0.00,0.00,0.00,Matches,d822a850
190,Rekeem Harper,eng ENG,MF,West Brom,17,2000,1,0,21,0.2,0,0,0,0,0,0,0,0,0.0,0.0,0.1,0.1,0,1,0,0.00,0.00,0.00,0.00,0.00,0.00,0.22,0.22,0.00,0.22,Matches,3c066877
191,Joe Hart,eng ENG,GK,West Ham,30,1987,19,19,1710,19.0,0,1,1,0,0,0,0,0,0.0,0.0,0.7,0.7,0,0,0,0.00,0.05,0.05,0.00,0.05,0.00,0.04,0.04,0.00,0.04,Matches,cb4f24c6
192,Isaac Hayden,eng ENG,MF,Newcastle Utd,22,1995,26,15,1374,15.3,1,0,1,1,0,0,7,0,1.0,1.0,0.6,1.6,17,45,23,0.07,0.00,0.07,0.07,0.07,0.06,0.04,0.10,0.06,0.10,Matches,c951a6df
193,Eden Hazard,be BEL,FWMF,Chelsea,26,1991,34,28,2422,26.9,12,4,16,10,2,2,2,0,7.7,6.2,6.4,12.6,201,218,302,0.45,0.15,0.59,0.37,0.52,0.29,0.24,0.52,0.23,0.47,Matches,a39bb753
194,Tom Heaton,eng ENG,GK,Burnley,31,1986,4,4,305,3.4,0,0,0,0,0,0,0,0,0.0,0.0,0.0,0.0,0,0,0,0.00,0.00,0.00,0.00,0.00,0.00,0.00,0.00,0.00,0.00,Matches,a6de6361
195,Michael Hefele,de GER,DF,Huddersfield,26,1990,2,0,33,0.4,0,0,0,0,0,0,1,0,0.0,0.0,0.0,0.0,1,1,0,0.00,0.00,0.00,0.00,0.00,0.00,0.00,0.00,0.00,0.00,Matches,91bdc54a
196,Ahmed Hegazi,eg EGY,DF,West Brom,26,1991,38,38,3386,37.6,2,0,2,2,0,0,4,0,1.7,1.7,0.6,2.2,9,65,8,0.05,0.00,0.05,0.05,0.05,0.04,0.01,0.06,0.04,0.06,Matches,5540c9dc
197,Tomer Hemed,il ISR,FW,Brighton,30,1987,16,9,849,9.4,2,2,4,2,0,0,0,0,1.9,1.9,0.1,2.0,6,13,51,0.21,0.21,0.42,0.21,0.42,0.20,0.01,0.21,0.20,0.21,Matches,27d7453c
198,Jordan Henderson,eng ENG,MF,Liverpool,27,1990,27,25,2171,24.1,1,1,2,1,0,0,1,0,1.2,1.2,1.8,3.0,32,249,37,0.04,0.04,0.08,0.04,0.08,0.05,0.08,0.13,0.05,0.12,Matches,935e6b8f
199,Jeff Hendrick,ie IRL,FWMF,Burnley,25,1992,34,29,2331,25.9,2,2,4,2,0,0,1,0,2.0,2.0,2.7,4.7,37,80,114,0.08,0.08,0.15,0.08,0.15,0.08,0.10,0.18,0.08,0.18,Matches,989d5705
200,Wayne Hennessey,wls WAL,GK,Crystal Palace,30,1987,27,27,2430,27.0,0,0,0,0,0,0,1,0,0.0,0.0,0.5,0.5,0,0,0,0.00,0.00,0.00,0.00,0.00,0.00,0.02,0.02,0.00,0.02,Matches,76eca7e2
201,Javier Hernández,mx MEX,FW,West Ham,29,1988,28,16,1548,17.2,8,0,8,8,0,0,3,0,5.0,5.0,1.3,6.3,10,31,103,0.47,0.00,0.47,0.47,0.47,0.29,0.08,0.37,0.29,0.37,Matches,189cee7b
202,Ander Herrera,es ESP,MF,Manchester Utd,27,1989,26,13,1268,14.1,0,2,2,0,0,0,5,0,0.4,0.4,1.6,1.9,12,81,19,0.00,0.14,0.14,0.00,0.14,0.03,0.11,0.14,0.03,0.14,Matches,436a9dd0
203,Son Heung-min,kr KOR,FW,Tottenham,25,1992,37,27,2317,25.7,12,6,18,12,0,0,0,0,10.2,10.2,6.2,16.4,111,92,339,0.47,0.23,0.70,0.47,0.70,0.40,0.24,0.64,0.40,0.64,Matches,92e7e919
204,Wesley Hoedt,nl NED,DF,Southampton,23,1994,28,28,2520,28.0,0,1,1,0,0,0,7,0,1.3,1.3,0.5,1.9,21,143,3,0.00,0.04,0.04,0.00,0.04,0.05,0.02,0.07,0.05,0.07,Matches,875898c7
205,Jonathan Hogg,eng ENG,MF,Huddersfield,28,1988,30,29,2398,26.6,0,0,0,0,0,0,9,2,0.4,0.4,0.4,0.9,21,138,10,0.00,0.00,0.00,0.00,0.00,0.02,0.02,0.03,0.02,0.03,Matches,9306d5ea
206,Rob Holding,eng ENG,DF,Arsenal,21,1995,12,9,822,9.1,0,0,0,0,0,0,3,0,0.1,0.1,0.0,0.2,6,47,2,0.00,0.00,0.00,0.00,0.00,0.01,0.01,0.02,0.01,0.02,Matches,d79a8c87
207,José Holebas,gr GRE,DF,Watford,33,1984,28,26,2382,26.5,0,4,4,0,0,0,7,0,0.6,0.6,3.2,3.8,53,98,84,0.00,0.15,0.15,0.00,0.15,0.02,0.12,0.14,0.02,0.14,Matches,12aa7661
208,Mason Holgate,eng ENG,DF,Everton,20,1996,15,13,1184,13.2,0,0,0,0,0,0,3,0,0.6,0.6,0.6,1.2,8,44,25,0.00,0.00,0.00,0.00,0.00,0.04,0.05,0.09,0.04,0.09,Matches,d0042ab9
209,Callum Hudson-Odoi,eng ENG,FWDF,Chelsea,16,2000,2,0,29,0.3,0,0,0,0,0,0,0,0,0.1,0.1,0.0,0.1,5,2,5,0.00,0.00,0.00,0.00,0.00,0.25,0.00,0.25,0.25,0.25,Matches,15f3ec41
210,Will Hughes,eng ENG,MF,Watford,22,1995,15,11,990,11.0,2,3,5,2,0,0,0,0,0.6,0.6,1.5,2.1,16,60,58,0.18,0.27,0.45,0.18,0.45,0.05,0.13,0.19,0.05,0.19,Matches,a0666d3e
211,Jordan Hugill,eng ENG,FW,West Ham,25,1992,3,0,25,0.3,0,0,0,0,0,0,0,0,0.0,0.0,0.0,0.0,0,0,0,0.00,0.00,0.00,0.00,0.00,0.00,0.00,0.00,0.00,0.00,Matches,a36d4785
212,Uwe Hünemeier,de GER,DF,Brighton,31,1986,1,0,18,0.2,0,0,0,0,0,0,0,0,0.0,0.0,0.0,0.0,0,0,1,0.00,0.00,0.00,0.00,0.00,0.00,0.00,0.00,0.00,0.00,Matches,f42456eb
213,Emerson Hyndman,us USA,MF,Bournemouth,21,1996,1,1,58,0.6,0,0,0,0,0,0,0,0,0.0,0.0,0.0,0.0,0,0,0,0.00,0.00,0.00,0.00,0.00,0.00,0.02,0.02,0.00,0.02,Matches,3be1a627
214,Pierre Højbjerg,dk DEN,MF,Southampton,21,1995,23,19,1670,18.6,0,0,0,0,0,0,6,0,1.0,1.0,0.6,1.5,19,90,37,0.00,0.00,0.00,0.00,0.00,0.05,0.03,0.08,0.05,0.08,Matches,8b04d6c1
215,Jordon Ibe,eng ENG,MFFW,Bournemouth,21,1995,32,22,1995,22.2,2,6,8,2,0,0,1,0,3.0,3.0,3.3,6.3,78,95,149,0.09,0.27,0.36,0.09,0.36,0.13,0.15,0.28,0.13,0.28,Matches,9f736ed2
216,Vicente Iborra,es ESP,MF,Leicester City,29,1988,19,17,1410,15.7,3,0,3,3,0,0,0,0,1.7,1.7,0.5,2.2,8,79,15,0.19,0.00,0.19,0.19,0.19,0.11,0.03,0.14,0.11,0.14,Matches,ad1ffcfd
217,Zlatan Ibrahimovi?,se SWE,MFFW,Manchester Utd,35,1981,5,1,106,1.2,0,0,0,0,0,0,0,0,0.2,0.2,0.1,0.3,6,9,12,0.00,0.00,0.00,0.00,0.00,0.18,0.08,0.26,0.18,0.26,Matches,4cde5509
218,Kelechi Iheanacho,ng NGA,FWMF,Leicester City,20,1996,21,7,830,9.2,3,3,6,3,0,0,2,0,4.1,4.1,2.3,6.3,21,26,54,0.33,0.33,0.65,0.33,0.65,0.44,0.25,0.69,0.44,0.69,Matches,c92e1a31
219,Tom Ince,eng ENG,MFFW,Huddersfield,25,1992,33,27,2452,27.2,2,0,2,2,0,0,0,0,6.4,6.4,1.4,7.8,57,60,125,0.07,0.00,0.07,0.07,0.07,0.24,0.05,0.29,0.24,0.29,Matches,67d23ab0
220,Danny Ings,eng ENG,FW,Liverpool,25,1992,8,3,267,3.0,1,0,1,1,0,0,0,0,1.1,1.1,0.1,1.3,2,9,23,0.34,0.00,0.34,0.34,0.34,0.38,0.05,0.42,0.38,0.42,Matches,07802f7f
221,Stephen Ireland,ie IRL,MFFW,Stoke City,30,1986,4,1,131,1.5,0,0,0,0,0,0,1,0,0.4,0.4,0.0,0.4,0,7,5,0.00,0.00,0.00,0.00,0.00,0.25,0.02,0.28,0.25,0.28,Matches,bcf30f17
222,Alex Iwobi,ng NGA,MFFW,Arsenal,21,1996,26,22,1830,20.3,3,5,8,3,0,0,1,0,3.9,3.9,3.5,7.3,93,138,146,0.15,0.25,0.39,0.15,0.39,0.19,0.17,0.36,0.19,0.36,Matches,6ca5ec4b
223,José Izquierdo,co COL,MFFW,Brighton,25,1992,32,23,1984,22.0,5,3,8,5,0,0,2,0,3.8,3.8,2.2,5.9,67,36,161,0.23,0.14,0.36,0.23,0.36,0.17,0.10,0.27,0.17,0.27,Matches,ca2bc3df
224,Phil Jagielka,eng ENG,DF,Everton,34,1982,25,23,2065,22.9,0,0,0,0,0,0,2,0,0.5,0.5,0.0,0.5,4,53,3,0.00,0.00,0.00,0.00,0.00,0.02,0.00,0.02,0.02,0.02,Matches,3233eefd
225,Eldin Jakupovi?,ch SUI,GK,Leicester City,32,1984,2,2,180,2.0,0,0,0,0,0,0,0,0,0.0,0.0,0.0,0.0,0,0,0,0.00,0.00,0.00,0.00,0.00,0.00,0.00,0.00,0.00,0.00,Matches,1148323a
226,Matty James,eng ENG,MF,Leicester City,26,1991,13,11,993,11.0,0,0,0,0,0,0,2,0,1.3,1.3,0.1,1.5,7,28,14,0.00,0.00,0.00,0.00,0.00,0.12,0.01,0.13,0.12,0.13,Matches,ebd0a048
227,Daryl Janmaat,nl NED,DF,Watford,28,1989,23,21,1820,20.2,3,0,3,3,0,0,3,0,1.8,1.8,1.0,2.8,29,107,55,0.15,0.00,0.15,0.15,0.15,0.09,0.05,0.14,0.09,0.14,Matches,45da6694
228,Vincent Janssen,nl NED,DF,Tottenham,23,1994,1,0,1,0.0,0,0,0,0,0,0,0,0,0.0,0.0,0.0,0.0,0,0,0,0.00,0.00,0.00,0.00,0.00,0.00,0.00,0.00,0.00,0.00,Matches,31dce0c8
229,Jesé,es ESP,FWMF,Stoke City,24,1993,13,8,614,6.8,1,1,2,1,0,0,0,0,0.9,0.9,0.7,1.6,19,14,51,0.15,0.15,0.29,0.15,0.29,0.13,0.10,0.23,0.13,0.23,Matches,4a537185
230,Gabriel Jesus,br BRA,FW,Manchester City,20,1997,29,19,1668,18.5,13,3,16,13,0,2,6,0,13.8,12.2,2.1,14.3,28,49,181,0.70,0.16,0.86,0.70,0.86,0.74,0.11,0.86,0.66,0.77,Matches,b66315ae
231,Glen Johnson,eng ENG,DF,Stoke City,32,1984,9,7,547,6.1,0,0,0,0,0,0,3,0,0.1,0.1,0.2,0.3,5,23,9,0.00,0.00,0.00,0.00,0.00,0.01,0.03,0.05,0.01,0.05,Matches,8cceca90
232,Phil Jones,eng ENG,DF,Manchester Utd,25,1992,23,23,1973,21.9,0,0,0,0,0,0,2,0,0.4,0.4,0.1,0.5,13,45,0,0.00,0.00,0.00,0.00,0.00,0.02,0.01,0.02,0.02,0.02,Matches,def899bd
233,Joselu,es ESP,FW,Newcastle Utd,27,1990,30,19,1712,19.0,4,1,5,4,0,1,2,0,6.0,5.2,1.2,6.4,5,41,107,0.21,0.05,0.26,0.21,0.26,0.31,0.06,0.38,0.27,0.34,Matches,6265208f
234,Mathias Jørgensen,dk DEN,DF,Huddersfield,27,1990,38,38,3420,38.0,0,2,2,0,0,0,6,0,1.9,1.9,0.9,2.9,21,120,8,0.00,0.05,0.05,0.00,0.05,0.05,0.02,0.08,0.05,0.08,Matches,0db5d2c8
235,Christian Kabasele,be BEL,DF,Watford,26,1991,28,27,2330,25.9,2,0,2,2,0,0,5,0,0.7,0.7,0.1,0.9,10,74,7,0.08,0.00,0.08,0.08,0.08,0.03,0.01,0.03,0.03,0.03,Matches,914ab9a1
236,Younès Kaboul,fr FRA,DF,Watford,31,1986,2,2,150,1.7,0,0,0,0,0,0,0,0,0.0,0.0,0.0,0.0,2,7,0,0.00,0.00,0.00,0.00,0.00,0.00,0.00,0.00,0.00,0.00,Matches,3680d723
237,Elias Kachunga,cd COD,FWMF,Huddersfield,25,1992,19,17,1329,14.8,1,1,2,1,0,0,1,0,1.9,1.9,0.6,2.6,32,24,95,0.07,0.07,0.14,0.07,0.14,0.13,0.04,0.17,0.13,0.17,Matches,5bddccc9
238,Sullay Kaikai,sl SLE,MF,Crystal Palace,21,1995,1,0,14,0.2,0,0,0,0,0,0,0,0,0.0,0.0,0.0,0.0,0,1,0,0.00,0.00,0.00,0.00,0.00,0.00,0.00,0.00,0.00,0.00,Matches,fc166e49
239,Harry Kane,eng ENG,FW,Tottenham,24,1993,37,35,3076,34.2,30,2,32,28,2,3,5,0,24.8,22.4,2.7,25.1,58,94,261,0.88,0.06,0.94,0.82,0.88,0.72,0.08,0.80,0.66,0.73,Matches,21a66f6a
240,N'Golo Kanté,fr FRA,MF,Chelsea,26,1991,34,34,2994,33.3,1,1,2,1,0,0,3,0,0.8,0.8,2.9,3.6,88,274,45,0.03,0.03,0.06,0.03,0.06,0.02,0.09,0.11,0.02,0.11,Matches,b9fbae28
241,Loris Karius,de GER,GK,Liverpool,24,1993,19,19,1710,19.0,0,0,0,0,0,0,1,0,0.0,0.0,0.0,0.0,0,0,0,0.00,0.00,0.00,0.00,0.00,0.00,0.00,0.00,0.00,0.00,Matches,32e7ce92
242,Orestis Karnezis,gr GRE,GK,Watford,32,1985,15,14,1292,14.4,0,0,0,0,0,0,0,0,0.0,0.0,0.0,0.0,0,0,0,0.00,0.00,0.00,0.00,0.00,0.00,0.00,0.00,0.00,0.00,Matches,85b011bb
243,Beram Kayal,il ISR,MF,Brighton,29,1988,19,8,745,8.3,0,0,0,0,0,0,2,0,0.2,0.2,0.5,0.7,4,27,13,0.00,0.00,0.00,0.00,0.00,0.03,0.06,0.09,0.03,0.09,Matches,26679cdf
244,Michael Keane,eng ENG,DF,Everton,24,1993,30,29,2560,28.4,0,1,1,0,0,0,3,0,1.1,1.1,0.5,1.6,11,83,3,0.00,0.04,0.04,0.00,0.04,0.04,0.02,0.06,0.04,0.06,Matches,c5b7c315
245,Martin Kelly,eng ENG,DF,Crystal Palace,27,1990,15,12,1195,13.3,0,0,0,0,0,0,1,0,0.4,0.4,0.1,0.6,5,16,3,0.00,0.00,0.00,0.00,0.00,0.03,0.01,0.04,0.03,0.04,Matches,d7492450
246,Kenedy,br BRA,MFDF,Newcastle Utd,21,1996,13,13,1023,11.4,2,2,4,2,0,0,1,0,2.4,2.4,1.7,4.2,30,21,55,0.18,0.18,0.35,0.18,0.35,0.21,0.15,0.37,0.21,0.37,Matches,5eebbfdf
247,Jonjoe Kenny,eng ENG,DF,Everton,20,1997,19,17,1590,17.7,0,1,1,0,0,0,2,0,0.1,0.1,1.5,1.6,16,48,51,0.00,0.06,0.06,0.00,0.06,0.01,0.08,0.09,0.01,0.09,Matches,099e666f
248,Andy King,wls WAL,MF,Leicester City,28,1988,11,5,537,6.0,1,0,1,1,0,0,1,0,0.5,0.5,0.1,0.6,3,13,6,0.17,0.00,0.17,0.17,0.17,0.09,0.02,0.10,0.09,0.10,Matches,d790907f
249,Andy King,wls WAL,MF,Swansea City,28,1988,11,9,715,7.9,2,1,3,2,0,0,1,0,1.0,1.0,0.2,1.2,5,38,5,0.25,0.13,0.38,0.25,0.38,0.12,0.03,0.15,0.12,0.15,Matches,d790907f
250,Joshua King,no NOR,FWMF,Bournemouth,25,1992,33,27,2453,27.3,8,3,11,6,2,2,3,0,6.5,4.9,4.9,9.8,84,83,215,0.29,0.11,0.40,0.22,0.33,0.24,0.18,0.42,0.18,0.36,Matches,43458538
251,Davy Klaassen,nl NED,MFFW,Everton,24,1993,7,3,251,2.8,0,0,0,0,0,0,0,0,0.1,0.1,0.1,0.2,1,11,4,0.00,0.00,0.00,0.00,0.00,0.03,0.04,0.07,0.03,0.07,Matches,15fd5593
252,Ragnar Klavan,ee EST,DF,Liverpool,31,1985,19,16,1451,16.1,1,0,1,1,0,0,0,0,0.9,0.9,0.2,1.0,15,73,5,0.06,0.00,0.06,0.06,0.06,0.05,0.01,0.06,0.05,0.06,Matches,008a6e6d
253,Anthony Knockaert,fr FRA,MFFW,Brighton,25,1991,33,27,2421,26.9,3,1,4,3,0,0,4,1,4.1,4.1,3.2,7.3,92,124,153,0.11,0.04,0.15,0.11,0.15,0.15,0.12,0.27,0.15,0.27,Matches,6c679c6d
254,Sead Kolašinac,ba BIH,DF,Arsenal,24,1993,27,25,2147,23.9,2,4,6,2,0,0,3,0,2.2,2.2,3.5,5.8,68,105,186,0.08,0.17,0.25,0.08,0.25,0.09,0.15,0.24,0.09,0.24,Matches,3935e52e
255,Vincent Kompany,be BEL,DF,Manchester City,31,1986,17,17,1394,15.5,1,1,2,1,0,0,6,0,0.8,0.8,0.5,1.3,31,85,3,0.06,0.06,0.13,0.06,0.13,0.05,0.03,0.08,0.05,0.08,Matches,d2bff301
256,Terence Kongolo,nl NED,DF,Huddersfield,23,1994,13,11,1049,11.7,0,0,0,0,0,0,0,0,0.3,0.3,0.1,0.4,7,36,21,0.00,0.00,0.00,0.00,0.00,0.02,0.01,0.03,0.02,0.03,Matches,1f9a3a04
257,Laurent Koscielny,fr FRA,DF,Arsenal,31,1985,25,25,2225,24.7,2,0,2,2,0,0,4,0,1.9,1.9,0.4,2.3,25,124,10,0.08,0.00,0.08,0.08,0.08,0.08,0.02,0.09,0.08,0.09,Matches,f5efb153
258,Cheikhou Kouyaté,sn SEN,MF,West Ham,27,1989,33,32,2799,31.1,2,3,5,2,0,0,5,0,2.7,2.7,1.1,3.8,27,66,64,0.06,0.10,0.16,0.06,0.16,0.09,0.04,0.12,0.09,0.12,Matches,8d3c902d
259,Bojan Krki?,es ESP,MF,Stoke City,26,1990,1,1,71,0.8,0,0,0,0,0,0,0,0,0.0,0.0,0.0,0.1,1,2,3,0.00,0.00,0.00,0.00,0.00,0.04,0.04,0.08,0.04,0.08,Matches,9fa0a0b8
260,Grzegorz Krychowiak,pl POL,MF,West Brom,27,1990,27,20,1641,18.2,0,2,2,0,0,0,2,0,0.8,0.8,1.8,2.6,22,101,25,0.00,0.11,0.11,0.00,0.11,0.04,0.10,0.14,0.04,0.14,Matches,580d52dd
261,Rajiv van La Parra,nl NED,FWMF,Huddersfield,26,1991,33,26,2137,23.7,3,0,3,2,1,1,3,1,3.1,2.3,0.9,3.2,114,65,136,0.13,0.00,0.13,0.08,0.08,0.13,0.04,0.17,0.10,0.13,Matches,1931bde9
262,Alexandre Lacazette,fr FRA,FW,Arsenal,26,1991,32,26,2202,24.5,14,4,18,12,2,2,1,0,13.7,12.1,4.4,16.5,39,59,233,0.57,0.16,0.74,0.49,0.65,0.56,0.18,0.74,0.49,0.67,Matches,9dbb75ca
263,Freddie Ladapo,eng ENG,FW,Crystal Palace,24,1993,1,0,17,0.2,0,0,0,0,0,0,0,0,0.0,0.0,0.0,0.0,1,0,1,0.00,0.00,0.00,0.00,0.00,0.00,0.00,0.00,0.00,0.00,Matches,da2b8db3
264,Adam Lallana,eng ENG,MFFW,Liverpool,29,1988,12,1,308,3.4,0,0,0,0,0,0,1,0,1.5,1.5,0.4,1.8,12,33,38,0.00,0.00,0.00,0.00,0.00,0.55,0.13,0.68,0.55,0.68,Matches,99813635
265,Érik Lamela,ar ARG,FWMF,Tottenham,25,1992,25,7,843,9.4,2,2,4,2,0,0,4,0,3.4,3.4,2.0,5.4,30,46,116,0.21,0.21,0.43,0.21,0.43,0.37,0.21,0.57,0.37,0.57,Matches,abe66106
266,Manuel Lanzini,ar ARG,MFFW,West Ham,24,1993,27,23,2042,22.7,5,6,11,5,0,1,4,0,3.9,3.1,4.1,7.2,65,156,96,0.22,0.26,0.48,0.22,0.48,0.17,0.18,0.35,0.14,0.32,Matches,26f6dca8
267,Aymeric Laporte,es ESP,DF,Manchester City,23,1994,9,9,806,9.0,0,0,0,0,0,0,1,0,0.1,0.1,0.1,0.2,15,72,5,0.00,0.00,0.00,0.00,0.00,0.01,0.01,0.02,0.01,0.02,Matches,119b9a8e
268,Jamaal Lascelles,eng ENG,DF,Newcastle Utd,23,1993,33,32,2928,32.5,3,0,3,3,0,0,5,0,1.1,1.1,0.7,1.8,17,73,10,0.09,0.00,0.09,0.09,0.09,0.03,0.02,0.05,0.03,0.05,Matches,450ab6fc
269,Florian Lejeune,fr FRA,DF,Newcastle Utd,26,1991,24,24,2103,23.4,0,2,2,0,0,0,3,0,0.6,0.6,1.5,2.1,18,67,4,0.00,0.09,0.09,0.00,0.09,0.03,0.06,0.09,0.03,0.09,Matches,6eaed4eb
270,Mario Lemina,ga GAB,MF,Southampton,23,1993,25,20,1720,19.1,1,1,2,1,0,0,2,0,0.8,0.8,0.7,1.5,51,86,36,0.05,0.05,0.10,0.05,0.10,0.04,0.04,0.08,0.04,0.08,Matches,2b471f99
271,Aaron Lennon,eng ENG,MF,Burnley,30,1987,14,13,1118,12.4,0,2,2,0,0,0,2,0,0.6,0.6,0.8,1.4,26,28,60,0.00,0.16,0.16,0.00,0.16,0.05,0.07,0.11,0.05,0.11,Matches,2ff964a0
272,Aaron Lennon,eng ENG,FWMF,Everton,30,1987,15,9,793,8.8,0,0,0,0,0,0,0,0,0.2,0.2,0.2,0.5,17,19,33,0.00,0.00,0.00,0.00,0.00,0.03,0.03,0.05,0.03,0.05,Matches,2ff964a0
273,Victor Lindelöf,se SWE,DF,Manchester Utd,23,1994,17,13,1285,14.3,0,0,0,0,0,0,1,0,0.0,0.0,0.3,0.3,11,42,6,0.00,0.00,0.00,0.00,0.00,0.00,0.02,0.02,0.00,0.02,Matches,f5deef4c
274,Jesse Lingard,eng ENG,MFFW,Manchester Utd,24,1992,33,20,1817,20.2,8,5,13,8,0,0,2,0,7.1,7.1,2.8,9.9,78,75,143,0.40,0.25,0.64,0.40,0.64,0.35,0.14,0.49,0.35,0.49,Matches,810e3c74
275,Jake Livermore,eng ENG,MF,West Brom,27,1989,34,30,2674,29.7,2,2,4,2,0,0,5,0,2.3,2.3,1.9,4.2,26,133,55,0.07,0.07,0.13,0.07,0.13,0.08,0.06,0.14,0.08,0.14,Matches,b98570d1
276,Fernando Llorente,es ESP,FWMF,Tottenham,32,1985,16,1,238,2.6,1,0,1,1,0,0,1,0,1.0,1.0,0.2,1.2,3,4,32,0.38,0.00,0.38,0.38,0.38,0.38,0.06,0.44,0.38,0.44,Matches,82dbf623
277,Hugo Lloris,fr FRA,GK,Tottenham,30,1986,36,36,3240,36.0,0,0,0,0,0,0,1,0,0.0,0.0,0.0,0.0,0,0,0,0.00,0.00,0.00,0.00,0.00,0.00,0.00,0.00,0.00,0.00,Matches,8f62b6ee
278,Jürgen Locadia,nl NED,FWMF,Brighton,23,1993,6,3,224,2.5,1,1,2,1,0,0,0,0,1.1,1.1,0.1,1.2,2,4,11,0.40,0.40,0.80,0.40,0.80,0.44,0.04,0.48,0.44,0.48,Matches,6cc47ae1
279,Ruben Loftus-Cheek,eng ENG,MF,Crystal Palace,21,1996,24,21,1874,20.8,2,3,5,2,0,0,1,0,3.5,3.5,3.2,6.7,94,106,126,0.10,0.14,0.24,0.10,0.24,0.17,0.15,0.32,0.17,0.32,Matches,e97fd090
280,Joe Lolley,eng ENG,FWMF,Huddersfield,24,1992,6,2,221,2.5,1,0,1,1,0,0,1,0,0.1,0.1,0.1,0.2,11,11,17,0.41,0.00,0.41,0.41,0.41,0.05,0.03,0.08,0.05,0.08,Matches,c5f13182
281,Kevin Long,ie IRL,DF,Burnley,26,1990,16,16,1440,16.0,1,2,3,1,0,0,1,0,1.2,1.2,1.3,2.5,1,28,1,0.06,0.12,0.19,0.06,0.19,0.07,0.08,0.15,0.07,0.15,Matches,5a4280b1
282,Shane Long,ie IRL,FW,Southampton,30,1987,30,15,1582,17.6,2,1,3,2,0,0,6,0,3.7,3.7,1.3,5.0,17,21,151,0.11,0.06,0.17,0.11,0.17,0.21,0.07,0.29,0.21,0.29,Matches,9f472354
283,Ademola Lookman,ng NGA,FWMF,Everton,19,1997,7,1,159,1.8,0,0,0,0,0,0,0,0,0.1,0.1,0.5,0.6,8,6,7,0.00,0.00,0.00,0.00,0.00,0.06,0.26,0.32,0.06,0.32,Matches,7c104bb7
284,Jonas Lössl,dk DEN,GK,Huddersfield,28,1989,38,38,3420,38.0,0,1,1,0,0,0,1,0,0.0,0.0,0.6,0.6,0,2,0,0.00,0.03,0.03,0.00,0.03,0.00,0.02,0.02,0.00,0.02,Matches,939bc634
285,Dejan Lovren,hr CRO,DF,Liverpool,28,1989,29,24,2127,23.6,2,1,3,2,0,0,4,0,1.4,1.4,1.3,2.6,20,98,7,0.08,0.04,0.13,0.08,0.13,0.06,0.05,0.11,0.06,0.11,Matches,1a2935f6
286,Chris Löwe,de GER,DF,Huddersfield,28,1989,23,19,1588,17.6,0,0,0,0,0,0,1,0,0.4,0.4,0.4,0.7,34,55,49,0.00,0.00,0.00,0.00,0.00,0.02,0.02,0.04,0.02,0.04,Matches,c6896eab
287,Matthew Lowton,eng ENG,DF,Burnley,28,1989,26,25,2295,25.5,0,3,3,0,0,0,1,0,0.1,0.1,1.6,1.7,18,82,69,0.00,0.12,0.12,0.00,0.12,0.00,0.06,0.07,0.00,0.07,Matches,9a9c05db
288,David Luiz,br BRA,DFMF,Chelsea,30,1987,10,9,840,9.3,1,0,1,1,0,0,4,1,0.9,0.9,0.0,1.0,19,31,4,0.11,0.00,0.11,0.11,0.11,0.10,0.00,0.10,0.10,0.10,Matches,c0e27d1a
289,Romelu Lukaku,be BEL,FW,Manchester Utd,24,1993,34,33,2867,31.9,16,7,23,16,0,1,4,0,13.2,12.4,4.7,17.0,57,63,216,0.50,0.22,0.72,0.50,0.72,0.41,0.15,0.56,0.39,0.54,Matches,5eae500a
290,Dodi Lukebakio,be BEL,MFFW,Watford,19,1997,1,0,16,0.2,0,0,0,0,0,0,0,0,0.0,0.0,0.1,0.1,0,1,3,0.00,0.00,0.00,0.00,0.00,0.15,0.59,0.75,0.15,0.75,Matches,0c61c77c
291,Levi Lumeka,eng ENG,FW,Crystal Palace,18,1998,1,0,26,0.3,0,0,0,0,0,0,0,0,0.1,0.1,0.0,0.1,2,0,3,0.00,0.00,0.00,0.00,0.00,0.20,0.00,0.20,0.20,0.20,Matches,199ff86e
292,Harry Maguire,eng ENG,DF,Leicester City,24,1993,38,38,3420,38.0,2,4,6,2,0,0,7,0,2.8,2.8,4.1,6.9,58,178,18,0.05,0.11,0.16,0.05,0.16,0.07,0.11,0.18,0.07,0.18,Matches,d8931174
293,Riyad Mahrez,dz ALG,MFFW,Leicester City,26,1991,36,34,2950,32.8,12,10,22,12,0,0,2,0,6.5,6.5,7.2,13.8,121,190,191,0.37,0.31,0.67,0.37,0.67,0.20,0.22,0.42,0.20,0.42,Matches,892d5bb1
294,Ainsley Maitland-Niles,eng ENG,DFMF,Arsenal,19,1997,15,8,914,10.2,0,0,0,0,0,0,1,0,0.2,0.2,0.9,1.1,21,35,58,0.00,0.00,0.00,0.00,0.00,0.02,0.08,0.11,0.02,0.11,Matches,e3a5814e
295,Scott Malone,eng ENG,DF,Huddersfield,26,1991,22,12,1119,12.4,0,1,1,0,0,0,3,0,0.5,0.5,0.5,1.0,48,51,69,0.00,0.08,0.08,0.00,0.08,0.04,0.04,0.08,0.04,0.08,Matches,f15a50e8
296,Sadio Mané,sn SEN,FW,Liverpool,25,1992,29,28,2190,24.3,10,7,17,10,0,0,3,1,10.6,10.6,5.4,16.0,112,120,270,0.41,0.29,0.70,0.41,0.70,0.44,0.22,0.66,0.44,0.66,Matches,c691bfe2
297,Eliaquim Mangala,fr FRA,DF,Everton,26,1991,2,2,134,1.5,0,0,0,0,0,0,0,0,0.1,0.1,0.0,0.1,3,7,0,0.00,0.00,0.00,0.00,0.00,0.05,0.00,0.05,0.05,0.05,Matches,f520049f
298,Eliaquim Mangala,fr FRA,DF,Manchester City,26,1991,9,4,488,5.4,0,0,0,0,0,0,0,0,0.1,0.1,0.0,0.2,5,15,1,0.00,0.00,0.00,0.00,0.00,0.03,0.01,0.03,0.03,0.03,Matches,f520049f
299,Javier Manquillo,es ESP,DF,Newcastle Utd,23,1994,21,20,1758,19.5,0,1,1,0,0,0,2,0,0.1,0.1,1.3,1.4,29,55,33,0.00,0.05,0.05,0.00,0.05,0.00,0.07,0.07,0.00,0.07,Matches,758dd7f0
300,Solly March,eng ENG,MFFW,Brighton,23,1994,36,18,1851,20.6,1,1,2,1,0,0,3,0,1.5,1.5,1.4,2.9,59,60,141,0.05,0.05,0.10,0.05,0.10,0.07,0.07,0.14,0.07,0.14,Matches,bb5fbd2b
301,Adrian Mariappa,jm JAM,DF,Watford,30,1986,28,24,2210,24.6,0,0,0,0,0,0,4,0,0.7,0.7,0.2,0.8,8,60,6,0.00,0.00,0.00,0.00,0.00,0.03,0.01,0.03,0.03,0.03,Matches,8aa5f52c
302,João Mário,pt POR,MF,West Ham,24,1993,13,12,1022,11.4,2,1,3,2,0,0,0,0,1.7,1.7,1.4,3.1,34,43,74,0.18,0.09,0.26,0.18,0.26,0.15,0.12,0.27,0.15,0.27,Matches,f0021247
303,Anthony Martial,fr FRA,FW,Manchester Utd,21,1995,30,18,1582,17.6,9,5,14,8,1,1,1,0,6.3,5.5,5.1,10.6,107,52,182,0.51,0.28,0.80,0.46,0.74,0.36,0.29,0.65,0.31,0.60,Matches,8b788c01
304,Cuco Martina,cw CUW,DF,Everton,27,1989,21,20,1830,20.3,0,2,2,0,0,0,2,0,0.1,0.1,1.4,1.5,28,68,74,0.00,0.10,0.10,0.00,0.10,0.00,0.07,0.07,0.00,0.07,Matches,22551915
305,Bruno Martins Indi,nl NED,DF,Stoke City,25,1992,17,14,1243,13.8,0,0,0,0,0,0,3,0,1.0,1.0,0.1,1.1,2,28,4,0.00,0.00,0.00,0.00,0.00,0.07,0.01,0.08,0.07,0.08,Matches,7bc34048
306,Arthur Masuaku,cd COD,DF,West Ham,23,1993,27,21,1870,20.8,0,3,3,0,0,0,5,0,0.3,0.3,2.0,2.2,94,56,115,0.00,0.14,0.14,0.00,0.14,0.01,0.09,0.11,0.01,0.11,Matches,57df7a11
307,Juan Mata,es ESP,FW,Manchester Utd,29,1988,28,23,1922,21.4,3,5,8,3,0,0,1,0,3.7,3.7,4.5,8.3,46,101,162,0.14,0.23,0.37,0.14,0.37,0.18,0.21,0.39,0.18,0.39,Matches,29733c72
308,Nemanja Mati?,rs SRB,MF,Manchester Utd,28,1988,36,35,3118,34.6,1,1,2,1,0,0,6,0,0.7,0.7,1.6,2.3,74,237,23,0.03,0.03,0.06,0.03,0.06,0.02,0.05,0.07,0.02,0.07,Matches,eb7822d7
309,Joël Matip,cm CMR,DF,Liverpool,25,1991,25,22,1997,22.2,1,0,1,1,0,0,3,0,1.9,1.9,0.3,2.2,23,108,5,0.05,0.00,0.05,0.05,0.05,0.09,0.01,0.10,0.09,0.10,Matches,b217ef29
310,Konstantinos Mavropanos,gr GRE,DF,Arsenal,19,1997,3,3,195,2.2,0,0,0,0,0,0,0,1,0.0,0.0,0.0,0.0,1,5,0,0.00,0.00,0.00,0.00,0.00,0.00,0.00,0.00,0.00,0.00,Matches,00963611
311,Alfie Mawson,eng ENG,DF,Swansea City,23,1994,38,38,3420,38.0,2,1,3,2,0,0,3,0,1.9,1.9,0.6,2.5,29,92,8,0.05,0.03,0.08,0.05,0.08,0.05,0.02,0.06,0.05,0.06,Matches,d368feb8
312,Eric Maxim Choupo-Moting,cm CMR,FWMF,Stoke City,28,1989,30,26,2314,25.7,5,5,10,5,0,0,3,0,5.9,5.9,3.1,9.1,72,56,173,0.19,0.19,0.39,0.19,0.39,0.24,0.13,0.36,0.24,0.36,Matches,0e6bc38c
313,Chancel Mbemba,cd COD,DF,Newcastle Utd,22,1994,9,7,672,7.5,0,0,0,0,0,0,0,0,0.0,0.0,0.5,0.5,9,21,11,0.00,0.00,0.00,0.00,0.00,0.00,0.06,0.06,0.00,0.06,Matches,e76cb9cc
314,James McArthur,sct SCO,MF,Crystal Palace,29,1987,33,27,2431,27.0,5,1,6,5,0,0,5,0,3.7,3.7,2.2,5.9,32,107,94,0.19,0.04,0.22,0.19,0.22,0.14,0.08,0.22,0.14,0.22,Matches,cee31595
315,Gareth McAuley,nir NIR,DF,West Brom,37,1979,9,5,458,5.1,0,0,0,0,0,0,0,0,0.0,0.0,0.0,0.0,3,10,0,0.00,0.00,0.00,0.00,0.00,0.00,0.00,0.00,0.00,0.00,Matches,ac7d7378
316,Oliver McBurnie,sct SCO,FWMF,Swansea City,21,1996,11,2,276,3.1,0,1,1,0,0,0,0,0,0.4,0.4,0.7,1.1,4,9,26,0.00,0.33,0.33,0.00,0.33,0.14,0.22,0.36,0.14,0.36,Matches,78b8ac63
317,Alex McCarthy,eng ENG,GK,Southampton,27,1989,18,18,1620,18.0,0,0,0,0,0,0,2,0,0.0,0.0,0.0,0.0,0,0,0,0.00,0.00,0.00,0.00,0.00,0.00,0.00,0.00,0.00,0.00,Matches,36c2ca73
318,James McCarthy,ie IRL,MF,Everton,26,1990,4,3,205,2.3,0,0,0,0,0,0,0,0,0.1,0.1,0.0,0.1,0,12,4,0.00,0.00,0.00,0.00,0.00,0.03,0.01,0.04,0.03,0.04,Matches,64b08de7
319,James McClean,ie IRL,MFFW,West Brom,28,1989,30,14,1406,15.6,1,0,1,1,0,0,7,0,1.8,1.8,0.8,2.7,49,12,94,0.06,0.00,0.06,0.06,0.06,0.12,0.05,0.17,0.12,0.17,Matches,53538b39
320,Sam McQueen,eng ENG,DFMF,Southampton,22,1995,7,1,148,1.6,0,0,0,0,0,0,0,0,0.0,0.0,0.2,0.2,7,4,5,0.00,0.00,0.00,0.00,0.00,0.02,0.09,0.11,0.02,0.11,Matches,b27b49b4
321,Scott McTominay,sct SCO,MF,Manchester Utd,20,1996,13,7,634,7.0,0,0,0,0,0,0,2,0,0.0,0.0,0.0,0.1,11,48,8,0.00,0.00,0.00,0.00,0.00,0.00,0.01,0.01,0.00,0.01,Matches,d93c2511
322,Ben Mee,eng ENG,DF,Burnley,27,1989,29,29,2610,29.0,0,0,0,0,0,0,5,0,1.9,1.9,0.5,2.3,5,77,3,0.00,0.00,0.00,0.00,0.00,0.06,0.02,0.08,0.06,0.08,Matches,8df7a2fb
323,Benjamin Mendy,fr FRA,DFFW,Manchester City,23,1994,7,4,363,4.0,0,1,1,0,0,0,2,0,0.1,0.1,0.8,0.9,21,27,62,0.00,0.25,0.25,0.00,0.25,0.03,0.19,0.23,0.03,0.23,Matches,5271c8f1
324,Mikel Merino,es ESP,MF,Newcastle Utd,21,1996,24,14,1347,15.0,1,1,2,1,0,0,4,0,0.6,0.6,0.9,1.5,25,108,15,0.07,0.07,0.13,0.07,0.13,0.04,0.06,0.10,0.04,0.10,Matches,d080ed5e
325,Per Mertesacker,de GER,DF,Arsenal,32,1984,6,4,366,4.1,1,0,1,1,0,0,0,0,0.2,0.2,0.0,0.2,0,6,1,0.25,0.00,0.25,0.25,0.25,0.05,0.00,0.05,0.05,0.05,Matches,5be28712
326,Roque Mesa,es ESP,MF,Swansea City,28,1989,11,9,754,8.4,0,0,0,0,0,0,3,0,0.2,0.2,0.2,0.4,12,36,1,0.00,0.00,0.00,0.00,0.00,0.02,0.02,0.04,0.02,0.04,Matches,7c4243d4
327,Simon Mignolet,be BEL,GK,Liverpool,29,1988,19,19,1710,19.0,0,0,0,0,0,0,3,0,0.0,0.0,0.0,0.0,0,0,0,0.00,0.00,0.00,0.00,0.00,0.00,0.00,0.00,0.00,0.00,Matches,d436eb94
328,Luka Milivojevi?,rs SRB,MF,Crystal Palace,26,1991,36,35,3080,34.2,10,1,11,3,7,8,8,0,8.2,1.8,1.0,2.9,24,180,18,0.29,0.03,0.32,0.09,0.12,0.24,0.03,0.27,0.05,0.08,Matches,2ce2508a
329,James Milner,eng ENG,MF,Liverpool,31,1986,32,16,1775,19.7,0,3,3,0,0,0,3,0,1.1,1.1,3.2,4.3,59,219,163,0.00,0.15,0.15,0.00,0.15,0.05,0.16,0.22,0.05,0.22,Matches,2f90f6b8
330,Tyrone Mings,eng ENG,DF,Bournemouth,24,1993,4,3,201,2.2,0,0,0,0,0,0,1,0,0.0,0.0,0.1,0.1,1,8,1,0.00,0.00,0.00,0.00,0.00,0.01,0.02,0.03,0.01,0.03,Matches,8397a50c
331,Kevin Mirallas,be BEL,FWMF,Everton,29,1987,5,2,138,1.5,0,0,0,0,0,0,1,0,0.2,0.2,0.1,0.2,10,3,11,0.00,0.00,0.00,0.00,0.00,0.12,0.04,0.16,0.12,0.16,Matches,aa51343f
332,Aleksandar Mitrovi?,rs SRB,FW,Newcastle Utd,22,1994,6,0,95,1.1,1,0,1,1,0,0,0,0,1.2,1.2,0.2,1.3,4,3,15,0.95,0.00,0.95,0.95,0.95,1.14,0.15,1.29,1.14,1.29,Matches,3925dbd6
333,Henrikh Mkhitaryan,am ARM,FWMF,Arsenal,28,1989,11,9,794,8.8,2,4,6,2,0,0,0,0,1.5,1.5,2.8,4.2,34,55,81,0.23,0.45,0.68,0.23,0.68,0.17,0.31,0.48,0.17,0.48,Matches,dd0daf32
334,Henrikh Mkhitaryan,am ARM,MFFW,Manchester Utd,28,1989,15,11,922,10.2,1,5,6,1,0,0,2,0,0.8,0.8,3.0,3.8,40,61,69,0.10,0.49,0.59,0.10,0.59,0.07,0.29,0.37,0.07,0.37,Matches,dd0daf32
335,Nacho Monreal,es ESP,DF,Arsenal,31,1986,28,26,2243,24.9,5,2,7,5,0,0,3,0,1.7,1.7,2.6,4.3,41,138,73,0.20,0.08,0.28,0.20,0.28,0.07,0.11,0.17,0.07,0.17,Matches,d4cb83cc
336,Aaron Mooy,au AUS,MF,Huddersfield,26,1990,36,34,3067,34.1,4,3,7,3,1,1,4,0,3.0,2.2,4.0,6.2,55,239,77,0.12,0.09,0.21,0.09,0.18,0.09,0.12,0.20,0.06,0.18,Matches,47b7e3af
337,Álvaro Morata,es ESP,FW,Chelsea,24,1992,31,24,2061,22.9,11,6,17,11,0,0,7,0,13.0,13.0,3.1,16.0,54,46,228,0.48,0.26,0.74,0.48,0.74,0.57,0.13,0.70,0.57,0.70,Matches,129af0db
338,Alberto Moreno,es ESP,DF,Liverpool,25,1992,16,14,1266,14.1,0,0,0,0,0,0,1,0,0.5,0.5,0.8,1.3,32,59,81,0.00,0.00,0.00,0.00,0.00,0.04,0.06,0.09,0.04,0.09,Matches,11b9265b
339,Wes Morgan,jm JAM,DF,Leicester City,33,1984,32,32,2817,31.3,0,0,0,0,0,0,4,0,1.6,1.6,0.4,2.0,13,50,11,0.00,0.00,0.00,0.00,0.00,0.05,0.01,0.06,0.05,0.06,Matches,80c31c97
340,James Morrison,sct SCO,MF,West Brom,31,1986,4,2,207,2.3,1,0,1,1,0,0,0,0,1.0,1.0,0.1,1.1,1,11,16,0.43,0.00,0.43,0.43,0.43,0.44,0.04,0.49,0.44,0.49,Matches,21a66e33
341,Victor Moses,ng NGA,DFMF,Chelsea,26,1990,28,25,2110,23.4,3,3,6,3,0,0,3,0,3.0,3.0,2.4,5.4,95,66,203,0.13,0.13,0.26,0.13,0.26,0.13,0.10,0.23,0.13,0.23,Matches,e726e11e
342,Steve Mounié,bj BEN,FW,Huddersfield,22,1994,28,21,1855,20.6,7,1,8,7,0,0,2,0,5.2,5.2,1.8,7.0,13,27,93,0.34,0.05,0.39,0.34,0.39,0.25,0.09,0.34,0.25,0.34,Matches,19ba6c6d
343,Lucas Moura,br BRA,FWMF,Tottenham,24,1992,6,2,210,2.3,0,1,1,0,0,0,0,0,0.2,0.2,0.3,0.4,15,12,37,0.00,0.43,0.43,0.00,0.43,0.08,0.11,0.18,0.08,0.18,Matches,2b622f01
344,Lys Mousset,fr FRA,FWMF,Bournemouth,21,1996,23,4,596,6.6,2,0,2,2,0,0,1,0,1.2,1.2,0.8,2.1,18,16,53,0.30,0.00,0.30,0.30,0.30,0.18,0.13,0.31,0.18,0.31,Matches,d9cfca3d
345,Jacob Murphy,eng ENG,MFFW,Newcastle Utd,22,1995,25,13,1148,12.8,1,1,2,1,0,0,0,0,1.8,1.8,1.3,3.1,48,32,85,0.08,0.08,0.16,0.08,0.16,0.14,0.10,0.24,0.14,0.24,Matches,de112b84
346,Jamie Murphy,sct SCO,MF,Brighton,27,1989,4,1,168,1.9,0,0,0,0,0,0,0,0,0.1,0.1,0.0,0.1,7,4,14,0.00,0.00,0.00,0.00,0.00,0.03,0.01,0.04,0.03,0.04,Matches,6c96b263
347,Glenn Murray,eng ENG,FW,Brighton,33,1983,35,25,2192,24.4,12,0,12,8,4,6,9,0,11.9,7.5,1.6,9.1,12,38,138,0.49,0.00,0.49,0.33,0.33,0.49,0.07,0.55,0.31,0.37,Matches,f2f29dda
348,Charly Musonda Jr.,be BEL,FW,Chelsea,20,1996,3,0,37,0.4,0,0,0,0,0,0,0,0,0.2,0.2,0.5,0.7,1,1,4,0.00,0.00,0.00,0.00,0.00,0.40,1.27,1.67,0.40,1.67,Matches,62a0089e
349,Shkodran Mustafi,de GER,DF,Arsenal,25,1992,27,25,2273,25.3,3,1,4,3,0,0,6,0,0.8,0.8,1.3,2.1,12,92,9,0.12,0.04,0.16,0.12,0.16,0.03,0.05,0.08,0.03,0.08,Matches,3f2d59fe
350,Boaz Myhill,wls WAL,GK,West Brom,34,1982,1,1,90,1.0,0,0,0,0,0,0,1,0,0.0,0.0,0.0,0.0,0,0,0,0.00,0.00,0.00,0.00,0.00,0.00,0.00,0.00,0.00,0.00,Matches,7ca2d989
351,Georges-Kévin N'Koudou,cm CMR,MF,Tottenham,22,1995,1,0,1,0.0,0,0,0,0,0,0,0,0,0.0,0.0,0.0,0.0,0,0,0,0.00,0.00,0.00,0.00,0.00,,,,,,Matches,76c131da
352,Georges-Kévin N'Koudou,cm CMR,MFFW,Burnley,22,1995,8,2,228,2.5,0,0,0,0,0,0,1,0,0.1,0.1,0.0,0.2,13,5,15,0.00,0.00,0.00,0.00,0.00,0.06,0.02,0.08,0.06,0.08,Matches,76c131da
353,Luciano Narsingh,nl NED,FWMF,Swansea City,26,1990,18,5,625,6.9,1,0,1,1,0,0,0,0,0.8,0.8,1.1,2.0,30,15,73,0.14,0.00,0.14,0.14,0.14,0.12,0.16,0.28,0.12,0.28,Matches,977ffc24
354,Kyle Naughton,eng ENG,DF,Swansea City,28,1988,34,34,3030,33.7,0,2,2,0,0,0,1,0,0.4,0.4,0.5,0.8,50,193,88,0.00,0.06,0.06,0.00,0.06,0.01,0.01,0.03,0.01,0.03,Matches,e860c42f
355,Badou Ndiaye,sn SEN,MF,Stoke City,26,1990,13,13,1138,12.6,2,1,3,2,0,0,5,0,1.6,1.6,0.3,1.9,12,46,20,0.16,0.08,0.24,0.16,0.24,0.13,0.02,0.15,0.13,0.15,Matches,960acc0a
356,Wilfred Ndidi,ng NGA,MF,Leicester City,20,1996,33,33,2898,32.2,0,3,3,0,0,0,8,4,2.1,2.1,0.6,2.6,30,136,48,0.00,0.09,0.09,0.00,0.09,0.06,0.02,0.08,0.06,0.08,Matches,6b47c5db
357,Reiss Nelson,eng ENG,FWMF,Arsenal,17,1999,3,2,145,1.6,0,0,0,0,0,0,0,0,0.1,0.1,0.0,0.1,3,8,13,0.00,0.00,0.00,0.00,0.00,0.06,0.02,0.08,0.06,0.08,Matches,c5bdb6e3
358,Julien Ngoy,be BEL,MF,Stoke City,19,1997,1,0,20,0.2,0,0,0,0,0,0,0,0,0.0,0.0,0.0,0.0,0,0,2,0.00,0.00,0.00,0.00,0.00,0.00,0.00,0.00,0.00,0.00,Matches,87449a74
359,Oumar Niasse,sn SEN,FW,Everton,27,1990,22,10,1087,12.1,8,2,10,8,0,0,2,0,7.0,7.0,1.4,8.4,21,17,106,0.66,0.17,0.83,0.66,0.83,0.58,0.11,0.69,0.58,0.69,Matches,af721f98
360,Eddie Nketiah,eng ENG,FW,Arsenal,18,1999,3,0,20,0.2,0,1,1,0,0,0,0,0,0.1,0.1,0.0,0.1,0,0,0,0.00,4.50,4.50,0.00,4.50,0.29,0.00,0.29,0.29,0.29,Matches,a53649b7
361,Lukas Nmecha,de GER,FW,Manchester City,18,1998,2,0,16,0.2,0,0,0,0,0,0,0,0,0.0,0.0,0.0,0.0,0,0,0,0.00,0.00,0.00,0.00,0.00,0.00,0.00,0.00,0.00,0.00,Matches,0cc5f4a5
362,Mark Noble,eng ENG,MF,West Ham,30,1987,29,28,2400,26.7,4,0,4,2,2,2,6,0,2.4,0.8,1.8,2.6,10,143,25,0.15,0.00,0.15,0.07,0.07,0.09,0.07,0.16,0.03,0.10,Matches,ff527768
363,Allan Nyom,cm CMR,DF,West Brom,29,1988,29,25,2310,25.7,0,1,1,0,0,0,7,0,0.1,0.1,1.1,1.2,36,58,71,0.00,0.04,0.04,0.00,0.04,0.00,0.04,0.05,0.00,0.05,Matches,97572117
364,Aiden O'Neill,au AUS,MF,Burnley,19,1998,1,0,1,0.0,0,0,0,0,0,0,0,0,,,,,,,,0.00,0.00,0.00,0.00,0.00,,,,,,Matches,c7aee75b
365,Michael Obafemi,ie IRL,FW,Southampton,17,2000,1,0,9,0.1,0,0,0,0,0,0,0,0,0.4,0.4,0.0,0.4,0,0,1,0.00,0.00,0.00,0.00,0.00,3.73,0.00,3.73,3.73,3.73,Matches,caa1a7f0
366,Pedro Obiang,gq EQG,MF,West Ham,25,1992,21,18,1563,17.4,2,0,2,2,0,0,3,0,0.4,0.4,0.4,0.8,10,77,10,0.12,0.00,0.12,0.12,0.12,0.02,0.02,0.04,0.02,0.04,Matches,ba1e04b3
367,Angelo Ogbonna,it ITA,DF,West Ham,29,1988,32,32,2880,32.0,1,0,1,1,0,0,3,0,0.7,0.7,0.5,1.1,4,44,4,0.03,0.00,0.03,0.03,0.03,0.02,0.01,0.04,0.02,0.04,Matches,74b2cd7e
368,Stefano Okaka,it ITA,FW,Watford,27,1989,15,3,453,5.0,1,1,2,1,0,0,2,0,1.8,1.8,0.4,2.2,8,10,48,0.20,0.20,0.40,0.20,0.40,0.36,0.07,0.43,0.36,0.43,Matches,601ef102
369,Shinji Okazaki,jp JPN,FWMF,Leicester City,31,1986,27,17,1324,14.7,6,2,8,6,0,0,2,0,6.7,6.7,2.0,8.7,19,24,61,0.41,0.14,0.54,0.41,0.54,0.45,0.14,0.59,0.45,0.59,Matches,68796d61
370,Martin Olsson,se SWE,DF,Swansea City,29,1988,36,36,3149,35.0,0,1,1,0,0,0,7,0,0.9,0.9,0.8,1.7,112,87,143,0.00,0.03,0.03,0.00,0.03,0.03,0.02,0.05,0.03,0.05,Matches,2f72f79e
371,Divock Origi,be BEL,FW,Liverpool,22,1995,1,0,10,0.1,0,0,0,0,0,0,0,0,0.0,0.0,0.0,0.0,0,0,0,0.00,0.00,0.00,0.00,0.00,0.00,0.00,0.00,0.00,0.00,Matches,43a166b4
372,David Ospina,co COL,GK,Arsenal,28,1988,5,4,381,4.2,0,0,0,0,0,0,0,0,0.0,0.0,0.0,0.0,0,0,0,0.00,0.00,0.00,0.00,0.00,0.00,0.00,0.00,0.00,0.00,Matches,82b1198a
373,Nicolás Otamendi,ar ARG,DF,Manchester City,29,1988,34,33,2967,33.0,4,0,4,4,0,0,9,0,2.7,2.7,0.9,3.6,92,212,8,0.12,0.00,0.12,0.12,0.12,0.08,0.03,0.11,0.08,0.11,Matches,0d267745
374,Reece Oxford,eng ENG,MF,West Ham,18,1998,1,0,5,0.1,0,0,0,0,0,0,0,0,0.0,0.0,0.0,0.0,0,0,0,0.00,0.00,0.00,0.00,0.00,0.00,0.00,0.00,0.00,0.00,Matches,8b6e0db2
375,Alex Oxlade-Chamberlain,eng ENG,DF,Arsenal,23,1993,3,3,241,2.7,0,0,0,0,0,0,0,0,0.3,0.3,0.5,0.8,19,16,21,0.00,0.00,0.00,0.00,0.00,0.09,0.19,0.29,0.09,0.29,Matches,38c7feef
376,Alex Oxlade-Chamberlain,eng ENG,MFFW,Liverpool,23,1993,32,14,1493,16.6,3,7,10,3,0,0,3,0,2.2,2.2,3.8,5.9,76,120,122,0.18,0.42,0.60,0.18,0.60,0.13,0.23,0.36,0.13,0.36,Matches,38c7feef
377,Mesut Özil,de GER,MFFW,Arsenal,28,1988,26,24,2163,24.0,4,8,12,4,0,0,4,0,4.4,4.4,8.7,13.1,136,277,267,0.17,0.33,0.50,0.17,0.50,0.18,0.36,0.55,0.18,0.55,Matches,16380240
378,Kasey Palmer,jm JAM,MFFW,Huddersfield,20,1996,4,1,170,1.9,0,0,0,0,0,0,2,0,0.1,0.1,0.1,0.2,4,6,5,0.00,0.00,0.00,0.00,0.00,0.05,0.04,0.09,0.05,0.09,Matches,453f566a
379,Emerson Palmieri,it ITA,DF,Chelsea,22,1994,5,3,280,3.1,0,1,1,0,0,0,0,0,0.1,0.1,0.0,0.2,13,5,23,0.00,0.32,0.32,0.00,0.32,0.04,0.01,0.05,0.04,0.05,Matches,e0bc6fdc
380,Pedro,es ESP,MFFW,Chelsea,30,1987,31,17,1523,16.9,4,2,6,4,0,0,1,0,3.0,3.0,1.3,4.3,66,56,135,0.24,0.12,0.35,0.24,0.35,0.18,0.07,0.25,0.18,0.25,Matches,3ca7254a
381,Roberto Pereyra,ar ARG,MFFW,Watford,26,1991,32,18,1624,18.0,5,2,7,5,0,0,3,0,3.3,3.3,3.0,6.3,61,79,112,0.28,0.11,0.39,0.28,0.39,0.18,0.17,0.35,0.18,0.35,Matches,75f2c59f
382,Ayoze Pérez,es ESP,MFFW,Newcastle Utd,24,1993,36,28,2492,27.7,8,5,13,8,0,0,3,0,6.2,6.2,4.7,10.9,68,75,178,0.29,0.18,0.47,0.29,0.47,0.22,0.17,0.39,0.22,0.39,Matches,819aa8e7
383,Matt Phillips,sct SCO,MFDF,West Brom,26,1991,30,23,2093,23.3,2,2,4,2,0,0,3,0,2.4,2.4,4.1,6.5,85,31,146,0.09,0.09,0.17,0.09,0.17,0.10,0.18,0.28,0.10,0.28,Matches,7bb5f40e
384,Jordan Pickford,eng ENG,GK,Everton,23,1994,38,38,3420,38.0,0,0,0,0,0,0,0,0,0.0,0.0,0.1,0.1,0,0,0,0.00,0.00,0.00,0.00,0.00,0.00,0.00,0.00,0.00,0.00,Matches,4806ec67
385,Jérémy Pied,fr FRA,DF,Southampton,28,1989,2,2,180,2.0,0,1,1,0,0,0,0,0,0.0,0.0,0.2,0.2,7,13,5,0.00,0.50,0.50,0.00,0.50,0.02,0.08,0.10,0.02,0.10,Matches,a634b9d2
386,Erik Pieters,nl NED,DF,Stoke City,28,1988,31,30,2718,30.2,0,1,1,0,0,0,5,0,0.1,0.1,1.5,1.6,35,113,71,0.00,0.03,0.03,0.00,0.03,0.00,0.05,0.05,0.00,0.05,Matches,1ef37668
387,Paul Pogba,fr FRA,MF,Manchester Utd,24,1993,27,25,2148,23.9,6,10,16,6,0,0,5,1,7.7,7.7,4.5,12.2,95,250,92,0.25,0.42,0.67,0.25,0.67,0.32,0.19,0.51,0.32,0.51,Matches,867239d3
388,Nick Pope,eng ENG,GK,Burnley,25,1992,35,34,3115,34.6,0,0,0,0,0,0,3,0,0.0,0.0,0.5,0.5,0,0,0,0.00,0.00,0.00,0.00,0.00,0.00,0.01,0.01,0.00,0.01,Matches,4b40d9ca
389,Alex Pritchard,eng ENG,MFFW,Huddersfield,24,1993,14,12,998,11.1,1,1,2,1,0,0,1,0,1.2,1.2,1.9,3.1,24,44,70,0.09,0.09,0.18,0.09,0.18,0.11,0.17,0.28,0.11,0.28,Matches,ff9fcd4d
390,Sebastian Prödl,at AUT,DF,Watford,30,1987,21,17,1570,17.4,0,0,0,0,0,0,5,0,0.6,0.6,0.2,0.9,4,40,2,0.00,0.00,0.00,0.00,0.00,0.04,0.01,0.05,0.04,0.05,Matches,f5e6d08d
391,Davy Pröpper,nl NED,MF,Brighton,25,1991,35,35,3119,34.7,0,4,4,0,0,0,2,1,1.9,1.9,1.4,3.4,20,188,47,0.00,0.12,0.12,0.00,0.12,0.06,0.04,0.10,0.06,0.10,Matches,fdd85f94
392,Marc Pugh,eng ENG,MFFW,Bournemouth,30,1987,20,11,985,10.9,0,0,0,0,0,0,2,0,1.3,1.3,0.5,1.9,40,52,103,0.00,0.00,0.00,0.00,0.00,0.12,0.05,0.17,0.12,0.17,Matches,9aacb284
393,Jason Puncheon,eng ENG,MF,Crystal Palace,31,1986,10,6,645,7.2,0,0,0,0,0,0,5,0,1.2,1.2,0.5,1.7,8,31,19,0.00,0.00,0.00,0.00,0.00,0.19,0.07,0.26,0.19,0.26,Matches,fd3f57ce
394,Collin Quaner,de GER,FWMF,Huddersfield,26,1991,26,13,1280,14.2,0,4,4,0,0,0,4,0,1.4,1.4,2.5,3.9,56,44,85,0.00,0.28,0.28,0.00,0.28,0.10,0.18,0.28,0.10,0.28,Matches,19b8b0b9
395,Sandro Ramírez,es ESP,FWMF,Everton,22,1995,8,3,278,3.1,0,0,0,0,0,0,0,0,0.5,0.5,0.0,0.5,1,8,21,0.00,0.00,0.00,0.00,0.00,0.15,0.01,0.16,0.15,0.16,Matches,833fb62e
396,Aaron Ramsey,wls WAL,MF,Arsenal,26,1990,24,21,1846,20.5,7,8,15,7,0,0,0,0,6.1,6.1,5.4,11.5,61,134,161,0.34,0.39,0.73,0.34,0.73,0.30,0.26,0.56,0.30,0.56,Matches,ef619b0b
397,Àngel Rangel,es ESP,DF,Swansea City,34,1982,4,2,156,1.7,0,0,0,0,0,0,0,0,0.0,0.0,0.1,0.1,6,11,11,0.00,0.00,0.00,0.00,0.00,0.00,0.04,0.04,0.00,0.04,Matches,93ee387c
398,Marcus Rashford,eng ENG,FWMF,Manchester Utd,19,1997,35,17,1813,20.1,7,5,12,7,0,0,3,0,5.2,5.2,3.8,9.0,82,46,160,0.35,0.25,0.60,0.35,0.60,0.26,0.19,0.45,0.26,0.45,Matches,a1d5bd30
399,Nathan Redmond,eng ENG,FWMF,Southampton,23,1994,31,22,1945,21.6,1,3,4,1,0,0,3,0,2.2,2.2,3.6,5.8,84,94,182,0.05,0.14,0.19,0.05,0.19,0.10,0.17,0.27,0.10,0.27,Matches,ab651565
400,Winston Reid,nz NZL,DF,West Ham,29,1988,17,17,1452,16.1,0,0,0,0,0,0,5,0,0.3,0.3,0.3,0.5,3,39,6,0.00,0.00,0.00,0.00,0.00,0.02,0.02,0.03,0.02,0.03,Matches,562eed5c
401,Declan Rice,eng ENG,DFMF,West Ham,18,1999,26,15,1430,15.9,0,0,0,0,0,0,1,0,0.2,0.2,0.1,0.3,18,36,6,0.00,0.00,0.00,0.00,0.00,0.01,0.01,0.02,0.01,0.02,Matches,1c7012b8
402,Richarlison,br BRA,FWMF,Watford,20,1997,38,32,2823,31.4,5,4,9,5,0,0,4,0,10.3,10.3,3.4,13.7,126,73,306,0.16,0.13,0.29,0.16,0.29,0.33,0.11,0.44,0.33,0.44,Matches,fa031b34
403,Jaïro Riedewald,nl NED,MFDF,Crystal Palace,20,1996,12,4,442,4.9,0,0,0,0,0,0,0,0,0.0,0.0,0.0,0.0,2,16,7,0.00,0.00,0.00,0.00,0.00,0.01,0.00,0.01,0.01,0.01,Matches,7a1f2c08
404,Matt Ritchie,sct SCO,MFFW,Newcastle Utd,27,1989,35,32,2804,31.2,3,5,8,3,0,0,6,0,3.1,3.1,6.0,9.1,53,93,139,0.10,0.16,0.26,0.10,0.26,0.10,0.19,0.29,0.10,0.29,Matches,71ef519e
405,Connor Roberts,wls WAL,DF,Swansea City,21,1995,4,3,268,3.0,0,0,0,0,0,0,0,0,0.0,0.0,0.0,0.0,3,11,10,0.00,0.00,0.00,0.00,0.00,0.00,0.00,0.00,0.00,0.00,Matches,24fae784
406,Andrew Robertson,sct SCO,DF,Liverpool,23,1994,22,22,1940,21.6,1,5,6,1,0,0,2,0,0.5,0.5,4.1,4.7,76,150,214,0.05,0.23,0.28,0.05,0.28,0.03,0.19,0.22,0.03,0.22,Matches,2e4f5f03
407,Hal Robson-Kanu,wls WAL,FWMF,West Brom,28,1989,21,8,827,9.2,2,0,2,2,0,0,2,1,2.4,2.4,0.4,2.8,17,24,63,0.22,0.00,0.22,0.22,0.22,0.26,0.04,0.31,0.26,0.31,Matches,fb2dec57
408,Jay Rodriguez,eng ENG,FWMF,West Brom,28,1989,37,31,2812,31.2,7,1,8,6,1,1,2,0,8.4,7.6,1.6,9.2,47,52,166,0.22,0.03,0.26,0.19,0.22,0.27,0.05,0.32,0.24,0.30,Matches,4ab53cdb
409,Marcos Rojo,ar ARG,DF,Manchester Utd,27,1990,9,8,640,7.1,0,0,0,0,0,0,6,0,0.2,0.2,0.1,0.2,3,13,1,0.00,0.00,0.00,0.00,0.00,0.02,0.01,0.03,0.02,0.03,Matches,e0991c04
410,Sergio Romero,ar ARG,GK,Manchester Utd,30,1987,1,1,90,1.0,0,0,0,0,0,0,0,0,0.0,0.0,0.0,0.0,0,0,0,0.00,0.00,0.00,0.00,0.00,0.00,0.00,0.00,0.00,0.00,Matches,1e26e376
411,Oriol Romeu,es ESP,MF,Southampton,25,1991,34,34,2897,32.2,1,0,1,1,0,0,11,0,2.6,2.6,1.4,4.0,44,201,16,0.03,0.00,0.03,0.03,0.03,0.08,0.04,0.13,0.08,0.13,Matches,4b511457
412,Salomón Rondón,ve VEN,FW,West Brom,27,1989,36,32,2767,30.7,7,3,10,7,0,0,4,0,7.0,7.0,2.8,9.8,45,66,201,0.23,0.10,0.33,0.23,0.33,0.23,0.09,0.32,0.23,0.32,Matches,b318a643
413,Wayne Rooney,eng ENG,MFFW,Everton,31,1985,31,27,2268,25.2,10,2,12,7,3,6,5,0,8.6,3.8,2.2,6.0,26,122,91,0.40,0.08,0.48,0.28,0.36,0.34,0.09,0.43,0.15,0.24,Matches,f07be45a
414,Danny Rose,eng ENG,DF,Tottenham,27,1990,10,9,800,8.9,0,1,1,0,0,0,4,0,0.6,0.6,0.6,1.2,36,56,77,0.00,0.11,0.11,0.00,0.11,0.07,0.07,0.14,0.07,0.14,Matches,89d10e53
415,Liam Rosenior,eng ENG,DF,Brighton,33,1984,3,1,164,1.8,0,0,0,0,0,0,0,0,0.1,0.1,0.0,0.1,1,5,2,0.00,0.00,0.00,0.00,0.00,0.03,0.00,0.03,0.03,0.03,Matches,8b0d6fe9
416,Wayne Routledge,eng ENG,MFFW,Swansea City,32,1985,15,4,429,4.8,0,0,0,0,0,0,1,0,0.4,0.4,0.4,0.8,9,17,36,0.00,0.00,0.00,0.00,0.00,0.09,0.09,0.17,0.09,0.17,Matches,1d387eee
417,Antonio Rüdiger,de GER,DF,Chelsea,24,1993,27,25,2338,26.0,2,1,3,2,0,0,4,0,1.7,1.7,0.4,2.1,33,121,7,0.08,0.04,0.12,0.08,0.12,0.07,0.01,0.08,0.07,0.08,Matches,18b896d6
418,Mathew Ryan,au AUS,GK,Brighton,25,1992,38,38,3420,38.0,0,0,0,0,0,0,0,0,0.0,0.0,0.0,0.0,0,0,0,0.00,0.00,0.00,0.00,0.00,0.00,0.00,0.00,0.00,0.00,Matches,4535e4bb
419,Abdelhamid Sabiri,ma MAR,MF,Huddersfield,20,1996,5,2,220,2.4,0,1,1,0,0,0,1,0,0.3,0.3,0.1,0.4,2,13,8,0.00,0.41,0.41,0.00,0.41,0.11,0.06,0.17,0.11,0.17,Matches,4830e0af
420,Henri Saivet,sn SEN,MF,Newcastle Utd,26,1990,1,1,83,0.9,1,0,1,1,0,0,0,0,0.1,0.1,0.0,0.1,0,1,0,1.08,0.00,1.08,1.08,1.08,0.05,0.00,0.05,0.05,0.05,Matches,f3709655
421,Diafra Sakho,sn SEN,FW,West Ham,27,1989,14,0,306,3.4,2,0,2,2,0,0,2,0,1.4,1.4,0.1,1.5,4,6,22,0.59,0.00,0.59,0.59,0.59,0.42,0.02,0.43,0.42,0.43,Matches,57c433c8
422,Mamadou Sakho,fr FRA,DF,Crystal Palace,27,1990,19,18,1600,17.8,1,2,3,1,0,0,1,0,1.2,1.2,1.1,2.3,4,43,3,0.06,0.11,0.17,0.06,0.17,0.07,0.06,0.13,0.07,0.13,Matches,87935cf3
423,Bakary Sako,ml MLI,FWMF,Crystal Palace,29,1988,16,4,478,5.3,3,0,3,3,0,0,0,0,1.9,1.9,1.1,3.0,20,8,43,0.56,0.00,0.56,0.56,0.56,0.36,0.20,0.56,0.36,0.56,Matches,381d7d54
424,Mohamed Salah,eg EGY,FW,Liverpool,25,1992,36,34,2907,32.3,32,10,42,31,1,2,1,0,24.1,22.6,7.5,30.1,95,97,393,0.99,0.31,1.30,0.96,1.27,0.75,0.23,0.98,0.70,0.93,Matches,e342ad68
425,Renato Sanches,pt POR,MF,Swansea City,19,1997,12,9,702,7.8,0,0,0,0,0,0,1,0,0.5,0.5,0.3,0.8,32,45,33,0.00,0.00,0.00,0.00,0.00,0.06,0.04,0.10,0.06,0.10,Matches,032f894e
426,Alexis Sánchez,cl CHI,MFFW,Arsenal,28,1988,19,17,1503,16.7,7,3,10,6,1,1,4,0,8.1,7.3,4.9,12.2,50,149,218,0.42,0.18,0.60,0.36,0.54,0.49,0.29,0.78,0.44,0.73,Matches,2c0f8e9e
427,Alexis Sánchez,cl CHI,FWMF,Manchester Utd,28,1988,12,12,1043,11.6,2,3,5,2,0,1,1,0,2.7,1.8,2.4,4.3,29,70,102,0.17,0.26,0.43,0.17,0.43,0.23,0.21,0.44,0.16,0.37,Matches,2c0f8e9e
428,Davinson Sánchez,co COL,DF,Tottenham,21,1996,31,29,2534,28.2,0,0,0,0,0,0,1,1,0.5,0.5,0.1,0.7,8,82,2,0.00,0.00,0.00,0.00,0.00,0.02,0.00,0.02,0.02,0.02,Matches,da7b447d
429,Leroy Sané,de GER,FW,Manchester City,21,1996,32,27,2419,26.9,10,15,25,10,0,0,4,0,5.8,5.8,6.8,12.5,102,68,416,0.37,0.56,0.93,0.37,0.93,0.21,0.25,0.47,0.21,0.47,Matches,2b114be3
430,Ezequiel Schelotto,it ITA,DF,Brighton,28,1989,20,15,1318,14.6,0,0,0,0,0,0,3,0,0.2,0.2,0.6,0.8,37,48,53,0.00,0.00,0.00,0.00,0.00,0.02,0.04,0.06,0.02,0.06,Matches,a6e316c1
431,Christopher Schindler,de GER,DF,Huddersfield,27,1990,37,37,3265,36.3,0,1,1,0,0,0,7,2,1.1,1.1,2.3,3.4,11,80,6,0.00,0.03,0.03,0.00,0.03,0.03,0.06,0.09,0.03,0.09,Matches,8ae9869d
432,Jeffrey Schlupp,gh GHA,DFMF,Crystal Palace,24,1992,24,21,1745,19.4,0,1,1,0,0,0,3,0,1.2,1.2,1.0,2.2,32,74,51,0.00,0.05,0.05,0.00,0.05,0.06,0.05,0.12,0.06,0.12,Matches,3312f911
433,Kasper Schmeichel,dk DEN,GK,Leicester City,30,1986,33,33,2965,32.9,0,0,0,0,0,0,3,0,0.0,0.0,0.1,0.1,0,6,0,0.00,0.00,0.00,0.00,0.00,0.00,0.00,0.00,0.00,0.00,Matches,53af52f3
434,Morgan Schneiderlin,fr FRA,MF,Everton,27,1989,30,24,2130,23.7,0,0,0,0,0,0,5,2,0.4,0.4,0.2,0.6,15,106,8,0.00,0.00,0.00,0.00,0.00,0.02,0.01,0.03,0.02,0.03,Matches,51b41c5c
435,Xherdan Shaqiri,ch SUI,MFFW,Stoke City,25,1991,36,36,3039,33.8,8,7,15,8,0,1,5,0,5.0,4.2,7.1,11.3,81,161,183,0.24,0.21,0.44,0.24,0.44,0.15,0.21,0.36,0.12,0.33,Matches,6421ec64
436,Luke Shaw,eng ENG,DF,Manchester Utd,22,1995,11,8,790,8.8,0,0,0,0,0,0,2,0,0.4,0.4,0.4,0.8,34,48,35,0.00,0.00,0.00,0.00,0.00,0.05,0.04,0.09,0.05,0.09,Matches,9c94165b
437,Ryan Shawcross,eng ENG,DF,Stoke City,29,1987,27,27,2371,26.3,1,1,2,1,0,0,2,0,2.5,2.5,0.3,2.8,5,46,9,0.04,0.04,0.08,0.04,0.08,0.09,0.01,0.11,0.09,0.11,Matches,285a3d44
438,Jonjo Shelvey,eng ENG,MF,Newcastle Utd,25,1992,30,25,2270,25.2,1,3,4,1,0,0,3,3,2.4,2.4,2.5,4.9,31,183,23,0.04,0.12,0.16,0.04,0.16,0.09,0.10,0.19,0.09,0.19,Matches,3727dd3c
439,Gylfi Sigurðsson,is ISL,MFFW,Everton,27,1989,27,25,2259,25.1,4,3,7,4,0,0,2,0,3.0,3.0,3.9,6.9,29,77,110,0.16,0.12,0.28,0.16,0.28,0.12,0.16,0.28,0.12,0.28,Matches,76dd1480
440,Adrien Silva,pt POR,MF,Leicester City,28,1989,12,9,761,8.5,0,1,1,0,0,0,3,0,0.3,0.3,0.8,1.1,12,55,15,0.00,0.12,0.12,0.00,0.12,0.04,0.10,0.14,0.04,0.14,Matches,d6f88a1d
441,Bernardo Silva,pt POR,FWMF,Manchester City,22,1994,35,15,1533,17.0,6,4,10,6,0,0,0,0,3.8,3.5,2.8,6.3,80,80,218,0.35,0.23,0.59,0.35,0.59,0.22,0.16,0.39,0.20,0.37,Matches,3eb22ec9
442,David Silva,es ESP,MF,Manchester City,31,1986,29,28,2430,27.0,9,11,20,9,0,0,5,0,7.2,7.2,8.4,15.6,158,337,247,0.33,0.41,0.74,0.33,0.74,0.27,0.31,0.58,0.27,0.58,Matches,e2716bd0
443,Danny Simpson,eng ENG,DF,Leicester City,30,1987,28,27,2306,25.6,0,0,0,0,0,0,4,0,0.2,0.2,0.1,0.3,11,54,47,0.00,0.00,0.00,0.00,0.00,0.01,0.01,0.01,0.01,0.01,Matches,3201b03d
444,Jack Simpson,eng ENG,DF,Bournemouth,20,1996,1,1,71,0.8,0,0,0,0,0,0,0,0,0.0,0.0,0.0,0.0,0,0,0,0.00,0.00,0.00,0.00,0.00,0.00,0.00,0.00,0.00,0.00,Matches,76fa5f80
445,Josh Sims,eng ENG,FWMF,Southampton,20,1997,6,1,163,1.8,0,0,0,0,0,0,0,0,0.6,0.6,0.1,0.7,10,4,17,0.00,0.00,0.00,0.00,0.00,0.34,0.07,0.41,0.34,0.41,Matches,6d6f09dc
446,Jerome Sinclair,eng ENG,MFFW,Watford,20,1996,4,0,31,0.3,0,0,0,0,0,0,0,0,0.0,0.0,0.0,0.0,1,2,1,0.00,0.00,0.00,0.00,0.00,0.00,0.13,0.13,0.00,0.13,Matches,1695c659
447,Moussa Sissoko,fr FRA,MFFW,Tottenham,27,1989,32,15,1386,15.4,1,1,2,1,0,0,3,0,2.2,2.2,2.2,4.4,50,85,102,0.06,0.06,0.13,0.06,0.13,0.14,0.14,0.28,0.14,0.28,Matches,2acd49b9
448,Islam Slimani,dz ALG,FW,Leicester City,29,1988,12,2,249,2.8,1,1,2,1,0,0,0,0,1.5,1.5,0.2,1.7,5,7,25,0.36,0.36,0.72,0.36,0.72,0.55,0.07,0.63,0.55,0.63,Matches,ffec9769
449,Islam Slimani,dz ALG,FW,Newcastle Utd,29,1988,4,1,132,1.5,0,0,0,0,0,0,1,0,0.0,0.0,0.4,0.4,3,2,19,0.00,0.00,0.00,0.00,0.00,0.00,0.28,0.28,0.00,0.28,Matches,ffec9769
450,Chris Smalling,eng ENG,DF,Manchester Utd,27,1989,29,28,2536,28.2,4,0,4,4,0,0,4,0,1.7,1.7,0.2,2.0,5,37,8,0.14,0.00,0.14,0.14,0.14,0.06,0.01,0.07,0.06,0.07,Matches,b6964eb6
451,Adam Smith,eng ENG,DFMF,Bournemouth,26,1991,27,22,2071,23.0,1,3,4,1,0,0,6,0,0.5,0.5,1.6,2.1,56,90,99,0.04,0.13,0.17,0.04,0.17,0.02,0.07,0.09,0.02,0.09,Matches,20b104bc
452,Tommy Smith,eng ENG,DF,Huddersfield,25,1992,24,21,1904,21.2,0,1,1,0,0,0,7,0,0.2,0.2,1.8,2.0,36,56,86,0.00,0.05,0.05,0.00,0.05,0.01,0.09,0.09,0.01,0.09,Matches,e9208654
453,Cédric Soares,pt POR,DF,Southampton,25,1991,32,32,2794,31.0,0,3,3,0,0,0,3,0,0.7,0.7,3.1,3.9,52,139,151,0.00,0.10,0.10,0.00,0.10,0.02,0.10,0.12,0.02,0.12,Matches,839c14e1
454,Ramadan Sobhi,eg EGY,MFFW,Stoke City,20,1997,24,12,1238,13.8,2,0,2,2,0,0,2,0,1.2,1.2,1.0,2.2,58,38,102,0.15,0.00,0.15,0.15,0.15,0.09,0.07,0.16,0.09,0.16,Matches,98be0d02
455,Dominic Solanke,eng ENG,FW,Liverpool,19,1997,21,5,596,6.6,1,1,2,1,0,0,0,0,3.5,3.5,2.6,6.1,15,15,48,0.15,0.15,0.30,0.15,0.30,0.53,0.40,0.92,0.53,0.92,Matches,e77dc3b2
456,Pape Souaré,sn SEN,DF,Crystal Palace,27,1990,1,0,9,0.1,0,0,0,0,0,0,0,0,0.0,0.0,0.0,0.0,0,0,0,0.00,0.00,0.00,0.00,0.00,0.00,0.00,0.00,0.00,0.00,Matches,46b5375e
457,Julián Speroni,ar ARG,GK,Crystal Palace,38,1979,11,11,990,11.0,0,0,0,0,0,0,0,0,0.0,0.0,0.0,0.0,0,0,0,0.00,0.00,0.00,0.00,0.00,0.00,0.00,0.00,0.00,0.00,Matches,8e65a5e5
458,Kostas Stafylidis,gr GRE,DFMF,Stoke City,23,1993,5,4,335,3.7,0,0,0,0,0,0,0,0,0.1,0.1,0.0,0.2,3,8,3,0.00,0.00,0.00,0.00,0.00,0.03,0.01,0.05,0.03,0.05,Matches,861e0116
459,Junior Stanislas,eng ENG,MFFW,Bournemouth,27,1989,19,17,1286,14.3,5,2,7,4,1,1,1,0,3.9,3.1,1.9,5.0,36,63,100,0.35,0.14,0.49,0.28,0.42,0.27,0.13,0.40,0.22,0.35,Matches,6992791d
460,Dale Stephens,eng ENG,MF,Brighton,28,1989,36,36,3240,36.0,0,3,3,0,0,0,6,0,1.2,1.2,2.3,3.5,31,191,13,0.00,0.08,0.08,0.00,0.08,0.03,0.06,0.10,0.03,0.10,Matches,653ee42d
461,Jack Stephens,eng ENG,DF,Southampton,23,1994,22,22,1980,22.0,2,0,2,2,0,0,6,1,1.3,1.3,0.2,1.6,24,45,14,0.09,0.00,0.09,0.09,0.09,0.06,0.01,0.07,0.06,0.07,Matches,6adbc307
462,Raheem Sterling,eng ENG,FW,Manchester City,22,1994,33,29,2587,28.7,18,11,29,17,1,1,4,2,16.2,15.3,7.3,22.6,116,94,410,0.63,0.38,1.01,0.59,0.97,0.56,0.25,0.82,0.53,0.79,Matches,b400bde0
463,John Stones,eng ENG,DF,Manchester City,23,1994,18,16,1302,14.5,0,0,0,0,0,0,0,0,0.8,0.8,0.0,0.8,11,71,7,0.00,0.00,0.00,0.00,0.00,0.05,0.00,0.05,0.05,0.05,Matches,5eecec3d
464,Daniel Sturridge,eng ENG,FW,West Brom,27,1989,6,2,118,1.3,0,0,0,0,0,0,0,0,0.1,0.1,0.2,0.4,3,6,8,0.00,0.00,0.00,0.00,0.00,0.10,0.17,0.27,0.10,0.27,Matches,1b7ec703
465,Daniel Sturridge,eng ENG,FW,Liverpool,27,1989,9,5,431,4.8,2,1,3,2,0,0,0,0,2.3,2.3,0.8,3.2,11,16,53,0.42,0.21,0.63,0.42,0.63,0.49,0.17,0.66,0.49,0.66,Matches,1b7ec703
466,Ki Sung-yueng,kr KOR,MF,Swansea City,28,1989,25,21,1868,20.8,2,2,4,2,0,0,2,0,0.9,0.9,1.5,2.4,17,64,30,0.10,0.10,0.19,0.10,0.19,0.05,0.07,0.12,0.05,0.12,Matches,1d8c99b0
467,Andrew Surman,eng ENG,MF,Bournemouth,30,1986,25,20,1856,20.6,2,5,7,2,0,0,2,0,1.2,1.2,1.0,2.2,10,134,14,0.10,0.24,0.34,0.10,0.34,0.06,0.05,0.11,0.06,0.11,Matches,7d41b619
468,Markus Suttner,at AUT,DF,Brighton,30,1987,14,13,1179,13.1,0,0,0,0,0,0,0,0,0.1,0.1,0.3,0.4,17,56,32,0.00,0.00,0.00,0.00,0.00,0.01,0.02,0.03,0.01,0.03,Matches,7391c2d9
469,Lasse Sørensen,dk DEN,MF,Stoke City,17,1999,1,1,75,0.8,0,0,0,0,0,0,0,0,0.0,0.0,0.1,0.1,0,2,0,0.00,0.00,0.00,0.00,0.00,0.00,0.18,0.18,0.00,0.18,Matches,ce9c203e
470,Alexander Sørloth,no NOR,FW,Crystal Palace,21,1995,4,4,360,4.0,0,0,0,0,0,0,0,0,0.5,0.5,0.5,1.0,13,7,24,0.00,0.00,0.00,0.00,0.00,0.13,0.12,0.25,0.13,0.25,Matches,e92cd3f7
471,Dušan Tadi?,rs SRB,MFFW,Southampton,28,1988,36,34,2791,31.0,6,3,9,5,1,1,4,0,5.8,5.0,5.7,10.7,113,167,312,0.19,0.10,0.29,0.16,0.26,0.19,0.18,0.37,0.16,0.35,Matches,2475dcc6
472,Matt Targett,eng ENG,DF,Southampton,21,1995,2,2,166,1.8,0,0,0,0,0,0,0,0,0.0,0.0,0.1,0.1,2,5,6,0.00,0.00,0.00,0.00,0.00,0.00,0.06,0.06,0.00,0.06,Matches,e514ab62
473,James Tarkowski,eng ENG,DF,Burnley,24,1992,31,31,2790,31.0,0,0,0,0,0,0,5,0,1.4,1.4,0.8,2.2,5,59,8,0.00,0.00,0.00,0.00,0.00,0.05,0.03,0.07,0.05,0.07,Matches,15ea812b
474,Charlie Taylor,eng ENG,DF,Burnley,23,1993,11,10,950,10.6,0,0,0,0,0,0,3,0,0.0,0.0,0.2,0.2,19,23,21,0.00,0.00,0.00,0.00,0.00,0.00,0.02,0.02,0.00,0.02,Matches,cc2d7ad5
475,James Tomkins,eng ENG,DF,Crystal Palace,28,1989,28,27,2387,26.5,3,0,3,3,0,0,8,0,2.2,2.2,0.1,2.3,6,45,3,0.11,0.00,0.11,0.11,0.11,0.08,0.00,0.09,0.08,0.09,Matches,e7ca0439
476,Cenk Tosun,tr TUR,FW,Everton,26,1991,14,12,986,11.0,5,0,5,5,0,0,0,0,2.8,2.8,1.4,4.2,9,9,69,0.46,0.00,0.46,0.46,0.46,0.25,0.13,0.38,0.25,0.38,Matches,9a104dee
477,Yaya Touré,ci CIV,MF,Manchester City,34,1983,10,1,236,2.6,0,2,2,0,0,0,1,0,0.4,0.4,0.9,1.3,20,50,4,0.00,0.76,0.76,0.00,0.76,0.14,0.35,0.49,0.14,0.49,Matches,c204f844
478,Andros Townsend,eng ENG,FWMF,Crystal Palace,26,1991,36,35,3120,34.7,2,7,9,2,0,0,3,0,3.0,3.0,7.2,10.2,161,104,249,0.06,0.20,0.26,0.06,0.26,0.09,0.21,0.30,0.09,0.30,Matches,b28bbd58
479,Kieran Trippier,eng ENG,DF,Tottenham,26,1990,24,21,1914,21.3,0,5,5,0,0,0,1,0,0.4,0.4,4.2,4.6,37,114,195,0.00,0.24,0.24,0.00,0.24,0.02,0.20,0.22,0.02,0.22,Matches,21512407
480,Axel Tuanzebe,eng ENG,FW,Manchester Utd,19,1997,1,0,1,0.0,0,0,0,0,0,0,0,0,0.0,0.0,0.0,0.0,0,0,0,0.00,0.00,0.00,0.00,0.00,0.00,0.00,0.00,0.00,0.00,Matches,2baec6ce
481,Josh Tymon,eng ENG,DF,Stoke City,18,1999,3,2,163,1.8,0,0,0,0,0,0,0,0,0.0,0.0,0.0,0.0,3,6,2,0.00,0.00,0.00,0.00,0.00,0.00,0.00,0.00,0.00,0.00,Matches,efe6f6ac
482,Leonardo Ulloa,ar ARG,FW,Leicester City,31,1986,4,0,22,0.2,0,0,0,0,0,0,0,0,0.1,0.1,0.3,0.4,1,2,2,0.00,0.00,0.00,0.00,0.00,0.31,1.38,1.69,0.31,1.69,Matches,eed56f6c
483,Leonardo Ulloa,ar ARG,FW,Brighton,31,1986,10,2,267,3.0,1,0,1,1,0,0,0,0,0.7,0.7,0.2,1.0,1,15,16,0.34,0.00,0.34,0.34,0.34,0.25,0.08,0.33,0.25,0.33,Matches,eed56f6c
484,Antonio Valencia,ec ECU,DF,Manchester Utd,31,1985,31,31,2740,30.4,3,1,4,3,0,0,7,0,0.5,0.5,1.2,1.7,103,84,152,0.10,0.03,0.13,0.10,0.13,0.02,0.04,0.06,0.02,0.06,Matches,08aa17d0
485,Virgil van Dijk,nl NED,DF,Southampton,26,1991,12,11,994,11.0,0,0,0,0,0,0,0,0,0.9,0.9,1.0,2.0,17,42,8,0.00,0.00,0.00,0.00,0.00,0.08,0.09,0.18,0.08,0.18,Matches,e06683ca
486,Virgil van Dijk,nl NED,DF,Liverpool,26,1991,14,14,1260,14.0,0,0,0,0,0,0,1,0,1.2,1.2,1.2,2.3,11,82,6,0.00,0.00,0.00,0.00,0.00,0.08,0.08,0.16,0.08,0.16,Matches,e06683ca
487,Jamie Vardy,eng ENG,FW,Leicester City,30,1987,37,37,3247,36.1,20,1,21,15,5,6,3,0,16.1,11.3,3.0,14.3,51,31,211,0.55,0.03,0.58,0.42,0.44,0.45,0.08,0.53,0.31,0.40,Matches,45963054
488,Jan Vertonghen,be BEL,DF,Tottenham,30,1987,36,36,3203,35.6,0,0,0,0,0,0,4,0,1.0,1.0,0.8,1.7,68,243,29,0.00,0.00,0.00,0.00,0.00,0.03,0.02,0.05,0.03,0.05,Matches,ba23a904
489,Nikola Vlaši?,hr CRO,MFFW,Everton,19,1997,12,7,576,6.4,0,0,0,0,0,0,0,0,0.3,0.3,0.8,1.1,22,16,49,0.00,0.00,0.00,0.00,0.00,0.04,0.12,0.16,0.04,0.16,Matches,aa8e289e
490,Sam Vokes,wls WAL,FW,Burnley,27,1989,30,7,998,11.1,4,1,5,4,0,0,3,0,2.8,2.8,1.3,4.2,3,17,62,0.36,0.09,0.45,0.36,0.45,0.25,0.12,0.38,0.25,0.38,Matches,1d6ac165
491,Michel Vorm,nl NED,GK,Tottenham,33,1983,1,1,90,1.0,0,0,0,0,0,0,0,0,0.0,0.0,0.0,0.0,0,0,0,0.00,0.00,0.00,0.00,0.00,0.00,0.00,0.00,0.00,0.00,Matches,1bebde9d
492,Molla Wagué,ml MLI,DF,Watford,26,1991,6,5,438,4.9,1,0,1,1,0,0,0,0,0.4,0.4,0.0,0.4,0,6,0,0.21,0.00,0.21,0.21,0.21,0.08,0.00,0.08,0.08,0.08,Matches,a440d8ca
493,Theo Walcott,eng ENG,FWMF,Arsenal,28,1989,6,0,69,0.8,0,0,0,0,0,0,0,0,0.0,0.0,0.0,0.0,3,2,9,0.00,0.00,0.00,0.00,0.00,0.00,0.00,0.00,0.00,0.00,Matches,1ecb65be
494,Theo Walcott,eng ENG,FW,Everton,28,1989,14,13,1152,12.8,3,3,6,3,0,0,2,0,2.5,2.5,2.4,4.8,35,33,99,0.23,0.23,0.47,0.23,0.47,0.19,0.18,0.38,0.19,0.38,Matches,1ecb65be
495,Kyle Walker,eng ENG,DF,Manchester City,27,1990,32,32,2785,30.9,0,6,6,0,0,0,3,2,0.6,0.6,4.6,5.3,105,221,190,0.00,0.19,0.19,0.00,0.19,0.02,0.15,0.17,0.02,0.17,Matches,86dd77d1
496,Kyle Walker-Peters,eng ENG,DF,Tottenham,20,1997,3,2,189,2.1,0,2,2,0,0,0,0,0,0.0,0.0,1.2,1.2,8,8,21,0.00,0.95,0.95,0.00,0.95,0.00,0.59,0.59,0.00,0.59,Matches,984a5a64
497,Jonathan Walters,ie IRL,FW,Burnley,33,1983,3,0,39,0.4,0,0,0,0,0,0,0,0,0.2,0.2,0.0,0.2,0,1,6,0.00,0.00,0.00,0.00,0.00,0.44,0.00,0.44,0.44,0.44,Matches,0356cf4f
498,Aaron Wan-Bissaka,eng ENG,DF,Crystal Palace,19,1997,7,7,627,7.0,0,0,0,0,0,0,1,0,0.0,0.0,0.2,0.2,22,23,14,0.00,0.00,0.00,0.00,0.00,0.00,0.03,0.03,0.00,0.03,Matches,9e525177
499,Victor Wanyama,ke KEN,MF,Tottenham,26,1991,18,8,846,9.4,1,0,1,1,0,0,2,0,0.5,0.5,0.2,0.7,23,65,14,0.11,0.00,0.11,0.11,0.11,0.05,0.02,0.07,0.05,0.07,Matches,e0900238
500,Joel Ward,eng ENG,DF,Crystal Palace,27,1989,19,19,1613,17.9,0,1,1,0,0,0,4,0,0.2,0.2,0.9,1.1,15,79,50,0.00,0.06,0.06,0.00,0.06,0.01,0.05,0.06,0.01,0.06,Matches,8a7ff278
501,Stephen Ward,ie IRL,DF,Burnley,31,1985,28,28,2460,27.3,1,1,2,1,0,0,1,0,0.3,0.3,1.4,1.8,47,87,91,0.04,0.04,0.07,0.04,0.07,0.01,0.05,0.07,0.01,0.07,Matches,3831b9fe
502,James Ward-Prowse,eng ENG,FWMF,Southampton,22,1994,30,20,1716,19.1,3,3,6,3,0,0,3,0,2.2,2.2,2.8,5.0,9,66,102,0.16,0.16,0.31,0.16,0.31,0.11,0.15,0.26,0.11,0.26,Matches,3515d404
503,Ben Watson,eng ENG,MF,Watford,32,1985,8,6,456,5.1,0,0,0,0,0,0,1,0,0.1,0.1,0.2,0.2,1,24,5,0.00,0.00,0.00,0.00,0.00,0.01,0.04,0.05,0.01,0.05,Matches,df540668
504,Danny Welbeck,eng ENG,FWMF,Arsenal,26,1990,28,12,1194,13.3,5,2,7,5,0,0,1,0,5.5,5.5,1.4,7.0,30,23,117,0.38,0.15,0.53,0.38,0.53,0.42,0.11,0.52,0.42,0.52,Matches,ce5143da
505,Nahki Wells,bm BER,FWMF,Burnley,27,1990,9,0,55,0.6,0,0,0,0,0,0,0,0,0.6,0.6,0.0,0.6,2,1,5,0.00,0.00,0.00,0.00,0.00,0.95,0.00,0.95,0.95,0.95,Matches,b070482d
506,Ashley Westwood,eng ENG,MF,Burnley,27,1990,19,12,1111,12.3,0,1,1,0,0,0,2,0,0.6,0.6,1.0,1.6,8,69,6,0.00,0.08,0.08,0.00,0.08,0.05,0.08,0.13,0.05,0.13,Matches,495945ef
507,Dean Whitehead,eng ENG,MF,Huddersfield,35,1982,4,0,71,0.8,0,0,0,0,0,0,0,0,0.0,0.0,0.0,0.0,0,1,0,0.00,0.00,0.00,0.00,0.00,0.00,0.00,0.00,0.00,0.00,Matches,a32204c9
508,Georginio Wijnaldum,nl NED,MF,Liverpool,26,1990,33,27,2387,26.5,1,2,3,1,0,0,1,0,2.8,2.8,1.2,4.0,49,116,84,0.04,0.08,0.11,0.04,0.11,0.11,0.05,0.15,0.11,0.15,Matches,eb58eef0
509,Ashley Williams,wls WAL,DF,Everton,32,1984,24,20,1834,20.4,1,0,1,1,0,0,3,1,0.8,0.8,0.3,1.2,2,39,1,0.05,0.00,0.05,0.05,0.05,0.04,0.02,0.06,0.04,0.06,Matches,a498e276
510,Danny Williams,us USA,MF,Huddersfield,28,1989,20,11,1124,12.5,0,0,0,0,0,0,2,0,0.4,0.4,0.2,0.6,17,27,16,0.00,0.00,0.00,0.00,0.00,0.03,0.02,0.05,0.03,0.05,Matches,ec9a28ce
511,Willian,br BRA,MFFW,Chelsea,28,1988,36,20,1890,21.0,6,7,13,5,1,1,1,0,5.5,4.7,5.3,10.0,108,131,210,0.29,0.33,0.62,0.24,0.57,0.26,0.25,0.51,0.22,0.48,Matches,8b9ebd03
512,Joe Willock,eng ENG,MF,Arsenal,17,1999,2,1,82,0.9,0,0,0,0,0,0,0,0,0.1,0.1,0.0,0.1,1,1,3,0.00,0.00,0.00,0.00,0.00,0.09,0.00,0.09,0.09,0.09,Matches,a3b03921
513,Jack Wilshere,eng ENG,MF,Arsenal,25,1992,20,12,1193,13.3,1,3,4,1,0,0,6,0,1.1,1.1,2.6,3.7,62,108,39,0.08,0.23,0.30,0.08,0.30,0.08,0.19,0.28,0.08,0.28,Matches,9c318325
514,Callum Wilson,eng ENG,FW,Bournemouth,25,1992,28,23,1981,22.0,8,2,10,8,0,0,0,0,7.6,7.6,1.5,9.1,34,39,170,0.36,0.09,0.45,0.36,0.45,0.34,0.07,0.41,0.34,0.41,Matches,c596fcb0
515,Kevin Wimmer,at AUT,DF,Stoke City,24,1992,17,14,1323,14.7,0,0,0,0,0,0,5,0,0.1,0.1,0.2,0.3,3,40,1,0.00,0.00,0.00,0.00,0.00,0.00,0.01,0.02,0.00,0.02,Matches,faf55ce4
516,Harry Winks,eng ENG,MF,Tottenham,21,1996,16,9,774,8.6,0,1,1,0,0,0,0,0,0.1,0.1,0.5,0.6,14,69,17,0.00,0.12,0.12,0.00,0.12,0.01,0.06,0.07,0.01,0.07,Matches,2f7acede
517,Chris Wood,nz NZL,FW,Burnley,25,1991,24,20,1624,18.0,10,1,11,10,0,0,1,0,7.0,7.0,0.6,7.6,15,16,117,0.55,0.06,0.61,0.55,0.61,0.39,0.03,0.42,0.39,0.42,Matches,4e9a0555
518,Ben Woodburn,wls WAL,FW,Liverpool,17,1999,1,0,7,0.1,0,0,0,0,0,0,0,0,0.0,0.0,0.0,0.0,0,0,2,0.00,0.00,0.00,0.00,0.00,0.00,0.00,0.00,0.00,0.00,Matches,8aadeaef
519,Granit Xhaka,ch SUI,MF,Arsenal,24,1992,38,37,3260,36.2,1,7,8,1,0,0,10,0,2.4,2.4,3.4,5.8,67,424,64,0.03,0.19,0.22,0.03,0.22,0.07,0.09,0.16,0.07,0.16,Matches,e61b8aee
520,Claudio Yacob,ar ARG,MF,West Brom,30,1987,16,9,903,10.0,0,0,0,0,0,0,5,0,0.5,0.5,0.0,0.5,2,28,3,0.00,0.00,0.00,0.00,0.00,0.05,0.00,0.05,0.05,0.05,Matches,bda6ffd4
521,DeAndre Yedlin,us USA,DF,Newcastle Utd,24,1993,34,31,2845,31.6,0,2,2,0,0,0,5,0,0.2,0.2,2.0,2.2,44,74,128,0.00,0.06,0.06,0.00,0.06,0.00,0.06,0.07,0.00,0.07,Matches,ae0a7ddf
522,Maya Yoshida,jp JPN,DF,Southampton,28,1988,24,23,2051,22.8,2,0,2,2,0,0,3,2,2.0,2.0,0.4,2.4,7,58,6,0.09,0.00,0.09,0.09,0.09,0.09,0.02,0.11,0.09,0.11,Matches,caffaf5a
523,Ashley Young,eng ENG,DF,Manchester Utd,32,1985,30,28,2442,27.1,2,4,6,2,0,0,7,0,0.8,0.8,3.6,4.4,90,103,113,0.07,0.15,0.22,0.07,0.22,0.03,0.13,0.16,0.03,0.16,Matches,be927d03
524,Pablo Zabaleta,ar ARG,DFMF,West Ham,32,1985,37,37,3289,36.5,0,1,1,0,0,0,9,0,0.4,0.4,0.9,1.3,26,145,95,0.00,0.03,0.03,0.00,0.03,0.01,0.03,0.04,0.01,0.04,Matches,6813ac34
525,Wilfried Zaha,ci CIV,FWMF,Crystal Palace,24,1992,29,28,2549,28.3,9,3,12,9,0,0,5,0,9.2,9.2,4.7,13.9,173,96,283,0.32,0.11,0.42,0.32,0.42,0.33,0.17,0.49,0.33,0.49,Matches,b2bc3b1f
526,Davide Zappacosta,it ITA,DFMF,Chelsea,25,1992,22,12,1098,12.2,1,1,2,1,0,0,0,0,1.4,1.4,1.3,2.7,64,22,124,0.08,0.08,0.16,0.08,0.16,0.11,0.11,0.22,0.11,0.22,Matches,7fe90ccd
527,Marvin Zeegelaar,nl NED,DF,Watford,26,1990,12,12,994,11.0,0,1,1,0,0,0,4,1,0.0,0.0,1.0,1.0,30,54,44,0.00,0.09,0.09,0.00,0.09,0.00,0.09,0.09,0.00,0.09,Matches,8abd0c03
528,Oleksandr Zinchenko,ua UKR,DF,Manchester City,20,1996,8,6,532,5.9,0,0,0,0,0,0,1,0,0.1,0.1,0.4,0.5,9,57,49,0.00,0.00,0.00,0.00,0.00,0.02,0.07,0.09,0.02,0.09,Matches,51cf8561
529,Kurt Zouma,fr FRA,DF,Stoke City,22,1994,34,32,2888,32.1,1,0,1,1,0,0,1,0,1.3,1.2,0.4,1.6,23,86,11,0.03,0.00,0.03,0.03,0.03,0.04,0.01,0.05,0.04,0.05,Matches,ce4246f5
